-- DROP TABLE sys_academia.academia
-- DROP TABLE sys_academia.equipamento
-- DROP TABLE sys_academia.academia_possui
-- DROP TABLE sys_academia.manutencao
-- DROP TABLE sys_academia.funcionario
-- DROP TABLE sys_academia.ponto
-- DROP TABLE sys_academia.cliente
-- DROP TABLE sys_academia.pagamento_cliente
-- DROP TABLE sys_academia.pagamento_funcionario
-- DROP TABLE sys_academia.avaliacao_fisica
-- DROP TABLE sys_academia.planilha_treino
-- DROP TABLE sys_academia.info_treino
-- DROP TABLE sys_academia.realiza_treino


-- Sys_academia.academia(*id*, telefone1, telefone2, rua, num_casa, cidade, estado)
-- Sys_academia.equipamento(*id*, nome, quantidade, *\id_academia\*)
-- Sys_academia.manutencao(*id*, *\id_academia\*, descricao, valor, deta_manutencao)
-- Sys_academia.funcionario(*id*, cpf, nome, *\id_academia\*, tipo, salario, telefone1, telefone2, rua, num_casa, cidade)
-- Sys_academia.ponto(*\id_academia\*, *data_ponto*)
-- Sys_academia.cliente(*\id\*, cpf, nome, \id_academia\, telefone1, dat_nasc, objetivo, rua, num_casa, cidade, estado, mensalidade, data_prox_pag)
-- Sys_academia.pagamento_cliente(*\id_cliente\*, *\id_academia\*, *data_pag*)
-- Sys_academia.pagamento_funcionario(*\id_funcionario\*, *\id_academia\*, *data_pag*)
-- Sys_academia.avaliacao_fisica(id, *\id_cliente\*, \id_funcionario\, *data_feito*, data_retorno, altura, massa,
--								 massa_magra, massa_gorda, observacao)
-- Sys_academia.panilha_treino(id, *\id_funcionario\*, *\id_cliente\*, *\id_avaliacao\*, data_feito, intensidade)
-- Sys_academia.info_treino(*id*, \id_treino\, \id_maquina\, serie, repeticoes, observacao)
-- Sys_academia.realiza_treino(*\id_cliente\*, *\id_treino\*)

CREATE SCHEMA Sys_academia;

-- CRIANDO TABELAS
CREATE TABLE Sys_academia.academia(
	id SERIAL NOT NULL,
	telefone1 BIGINT NOT NULL,
	telefone2 BIGINT,
	rua VARCHAR,
	num_casa VARCHAR,
	cidade VARCHAR,
	estado VARCHAR,
		PRIMARY KEY (id)
);

CREATE TABLE Sys_academia.equipamento(
	id SERIAL NOT NULL UNIQUE,
	nome VARCHAR,
	tipo VARCHAR,
		PRIMARY KEY(id),
		CONSTRAINT tipo CHECK(tipo = ANY (ARRAY['mmii', 'mmss', 'aeróbico', 'geral']))
);

CREATE TABLE Sys_academia.academia_possui(
	id_academia INTEGER NOT NULL,
	id_maquina INTEGER NOT NULL,
	quantidade INTEGER NOT NULL CHECK(quantidade > 0),
		PRIMARY KEY(id_academia, id_maquina),
		FOREIGN KEY (id_academia) REFERENCES sys_academia.academia(id),
		FOREIGN KEY (id_maquina) REFERENCES sys_academia.equipamento(id)
);

CREATE TABLE Sys_academia.manutencao(
	id SERIAL NOT NULL,
	id_academia INTEGER,
	descricao VARCHAR,
	valor INTEGER,
	data_manutencao DATE,
		PRIMARY KEY (id, id_academia),
		FOREIGN KEY (id_academia) REFERENCES sys_academia.academia(id)
);

CREATE TABLE Sys_academia.funcionario(
	id SERIAL NOT NULL,
	cpf BIGINT NOT NULL UNIQUE,
	nome VARCHAR,
	id_academia INTEGER NOT NULL,
	tipo VARCHAR,
	salario INTEGER NOT NULL,
	telefone1 BIGINT NOT NULL,
	telefone2 BIGINT,
	rua VARCHAR,
	num_casa INTEGER,
	cidade VARCHAR,
		PRIMARY KEY (id),
		FOREIGN KEY (id_academia) REFERENCES sys_academia.academia (id),
		CONSTRAINT tipo CHECK (tipo = ANY(ARRAY['enfermeiro', 'instrutor', 'zelador', 'recepcao']))
);

CREATE TABLE Sys_academia.ponto(
	id_funcionario INTEGER NOT NULL,
	data_ponto DATE,
		PRIMARY KEY(id_funcionario, data_ponto),
		FOREIGN KEY (id_funcionario) REFERENCES sys_academia.funcionario(id)
);

CREATE TABLE Sys_academia.cliente(
	id SERIAL NOT NULL,
	cpf BIGINT NOT NULL UNIQUE,
	nome VARCHAR,
	id_academia INTEGER NOT NULL,
	objetivo VARCHAR,
	mensalidade INTEGER NOT NULL,
	data_prox_pag DATE,
	telefone1 BIGINT,
	dat_nasc DATE,
	rua VARCHAR,
	num_casa INTEGER,
	cidade VARCHAR,
		PRIMARY KEY (id),
		CONSTRAINT mensalidade CHECK (mensalidade >= 50),
		FOREIGN KEY (id_academia) REFERENCES sys_academia.academia(id),
		CONSTRAINT objetivo CHECK (objetivo = ANY(ARRAY['hipertrofia', 'força', 'potência', 'resistencia']))
);

CREATE TABLE Sys_academia.pagamento_cliente(
	id_cliente INTEGER,
	id_academia INTEGER,
	data_pag DATE,
		PRIMARY KEY (id_cliente, id_academia, data_pag),
		FOREIGN KEY (id_cliente) REFERENCES sys_academia.cliente(id),
		FOREIGN KEY (id_academia) REFERENCES sys_academia.academia(id)
);

CREATE TABLE Sys_academia.pagamento_funcionario(
	id_funcionario INTEGER,
	id_academia INTEGER,
	data_pag DATE,
		PRIMARY KEY (id_funcionario, id_academia, data_pag),
		FOREIGN KEY (id_funcionario) REFERENCES sys_academia.funcionario(id),
		FOREIGN KEY (id_academia) REFERENCES sys_academia.academia(id)
);

CREATE TABLE Sys_academia.avaliacao_fisica(
	id SERIAL NOT NULL UNIQUE,
	id_cliente INTEGER NOT NULL,
	id_funcionario INTEGER NOT NULL,
	data_feito DATE,
	data_retorno DATE,
	altura FLOAT,
	massa FLOAT,
	massa_magra FLOAT,
	massa_gorda FLOAT,
	observacao VARCHAR,
		PRIMARY KEY (id_cliente, data_feito),
		CONSTRAINT data_retorno CHECK (data_retorno > data_feito),
		FOREIGN KEY (id_cliente) REFERENCES sys_academia.cliente(id),
		FOREIGN KEY (id_funcionario) REFERENCES sys_academia.funcionario(id)
);

CREATE TABLE Sys_academia.planilha_treino(
	id SERIAL NOT NULL UNIQUE,
	id_funcionario INTEGER NOT NULL,
	id_avaliacao INTEGER NOT NULL,
	data_feito DATE,
	intensidade VARCHAR,
		PRIMARY KEY (id_funcionario, id_avaliacao),
		FOREIGN KEY (id_funcionario) REFERENCES sys_academia.funcionario(id),
		FOREIGN KEY (id_avaliacao) REFERENCES sys_academia.avaliacao_fisica(id),
		CONSTRAINT intensidade CHECK (intensidade = ANY(ARRAY['baixa', 'media', 'alta']))
);

CREATE TABLE Sys_academia.info_treino(
	id SERIAL NOT NULL,
	id_treino INTEGER NOT NULL,
	id_maquina INTEGER NOT NULL,
	id_academia INTEGER NOT NULL,
	serie INTEGER NOT NULL,
	repeticoes INTEGER,
	observacao VARCHAR,
	PRIMARY KEY (id),
	FOREIGN KEY (id_treino) REFERENCES sys_academia.planilha_treino(id),
	FOREIGN KEY (id_maquina, id_academia) REFERENCES sys_academia.academia_possui(id_maquina, id_academia)
);

CREATE TABLE Sys_academia.realiza_treino(
	id_cliente INTEGER NOT NULL,
	id_treino INTEGER NOT NULL,
		PRIMARY KEY (id_cliente, id_treino),
		FOREIGN KEY (id_cliente) REFERENCES sys_academia.cliente (id),
		FOREIGN KEY (id_treino) REFERENCES sys_academia.planilha_treino (id)
);

-- MANTENDO INTEGRIDADE DOS DADOS

-- 1) Inserir apenas avaliações feitas apenas pelos enfermeiros
CREATE OR REPLACE FUNCTION insert_avaliacao() RETURNS TRIGGER AS $$
BEGIN
	IF (SELECT 1 FROM sys_academia.funcionario WHERE id = new.id and tipo = 'enfermeiro') = 0
	THEN RAISE EXCEPTION 'AVALIAÇÃO FÍSICA SÓ PODE SER FEITA COM ENFERMEIRO';
	RETURN NULL;
	END IF;
	RETURN new;
END;
$$ language plpgsql;

CREATE TRIGGER insert_avaliacao BEFORE INSERT ON sys_academia.avaliacao_fisica
FOR EACH ROW EXECUTE PROCEDURE insert_avaliacao();


-- 2) Inserir treino feito apenas por instrutor
CREATE OR REPLACE FUNCTION insert_treino() RETURNS TRIGGER AS $$
BEGIN
	IF (SELECT 1 FROM sys_academia.funcionario WHERE id = new.id AND tipo = 'instrutor') =0
	THEN RAISE EXCEPTION 'AVALIAÇÃO FÍSICA SÓ PODE SER FEITA COM INSTRUTOR';
	RETURN NULL;
	END IF;
	RETURN new;
END;
$$ language plpgsql;

CREATE TRIGGER insert_treino BEFORE INSERT ON sys_academia.info_treino
FOR EACH ROW EXECUTE PROCEDURE insert_treino();


-- POVOANDO AS TABELAS
INSERT INTO sys_academia.academia(id, telefone1, telefone2, rua, num_casa, cidade, estado) VALUES 
	(1, 85123524, 65342781, 'Rua Paulo Gurgel', 141, 'Fortaleza', 'Ceará'),
	(2, 45336654, 32456534, 'Rua Pedro Pereira', 204, 'Fortaleza', 'Ceará'),
	(3, 43569879, 54678364, 'Rua Machado Teodoro', 1534, 'Fortaleza', 'Ceará'),
	(4, 65749835, 24356743, 'Rua Floriano Peixoto', 5362, 'Fortaleza', 'Ceará'),
	(5, 53748982, 64739235, 'Rua Pedro I', 364, 'Fortaleza', 'Ceará'),
	(6, 85123524, 65342781, 'Rua Gales Frances', 3255, 'Juazeiro do Sul', 'Ceará'),
	(7, 64759843, 63548324, 'Rua Bela Costa e Silva', 3234, 'Juazeiro do Sul', 'Ceará'),
	(8, 63887463, 65774382, 'Av. Airton Gomes', 5632, 'Juazeiro do Sul', 'Ceará'),
	(9, 73643344, 77635432, 'Av. Placido Castelo', 121, 'Quixadá', 'Ceará'),
	(10, 73648200, 88730293, 'Rua Oscar Barbosa', 3251, 'Quixadá', 'Ceará'),
	(11, 38463726, 97366483, 'Rua Castelo Branco', 141, 'São Paulo', 'São Paulo'),
	(12, 37436563, 74637323, 'Rua Damião', 3522, 'São Paulo', 'São Paulo'),
	(13, 22323445, 73865234, 'Av. Princesa Isabel', 432, 'São Paulo', 'São Paulo'),
	(14, 63527746, 84647362, 'Rua São Benedito', 5362, 'São Paulo', 'São Paulo'),
	(15, 73652435, 87354663, 'Rua Teofilo', 3565, 'Patos', 'Paraiba'),
	(16, 85343523, 54334434, 'Rua 7 de setembro', 543, 'Curitiba', 'Paraná'),
	(17, 54565455, 54456545, 'Av. Pres Kenedi', 4345, 'Curitiba', 'Paraná'),
	(18, 54565332, 34543455, 'Rua Cruzeiro do Sul', 8654, 'Curitiba', 'Paraná'),
	(19, 56545666, 99847463, 'Rua Realeza', 4334, 'Curitiba', 'Paraná'),
	(20, 73938477, 46698324, 'Rua Cascavel', 4545, 'Curitiba', 'Paraná');

INSERT INTO Sys_academia.equipamento(id, nome, tipo) VALUES
	(01, 'Peck Deck', 'mmss'),
	(02, 'Supino Reto', 'mmss'),
	(03, 'Supino Inclinado', 'mmss'),
	(04, 'Supino Declinado', 'mmss'),
	(05, 'Supino Vertical', 'mmss'),
	(06, 'Supino Articular', 'mmss'),
	(07, 'Cross Over', 'mmss'),
	(08, 'Pressão de Trícips', 'mmss'),
	(09, 'Polia', 'mmss'),
	(10, 'Puxador Alto', 'mmss'),
	(11, 'Remador Baixo', 'mmss'),
	(12, 'Remador Articular', 'mmss'),
	(13, 'Desenvolvimento de Ombro', 'mmss'),
	(14, 'Pulley Articular', 'mmss'),
	(15, 'Cadeira Reclinada', 'mmss'),
	(16, 'Mesa Lombar', 'mmss'),
	(17, 'Banco Inclinado', 'mmss'),
	(18, 'Barra W', 'mmss'),
	(19, 'Peck Deck Inverso', 'mmss'),
	(20, 'Barra Curta', 'geral'),
	(21, 'Barra Longa', 'geral'),
	(22, 'Anilha', 'geral'),
	(23, 'Halter', 'geral'),
	(24, 'Apoiador de Halter', 'geral'),
	(25, 'Mult Exercitador', 'geral'),
	(26, 'Cadeira Extensora', 'mmii'),
	(27, 'Cadeira Flexora', 'mmii'),
	(28, 'Flexora Vertical', 'mmii'),
	(29, 'Mesa Flexora', 'mmii'),
	(30, 'Cadeira Adutora', 'mmii'),
	(31, 'Cadeira Abdutor', 'mmii'),
	(32, 'Leg 45°', 'mmii'),
	(33, 'Leg 45° Articular', 'mmii'),
	(34, 'Hack', 'mmii'),
	(35, 'Gravition', 'mmii'),
	(36, 'Apolete', 'mmii'),
	(37, 'Apoio de Glúteo', 'mmii'),
	(38, 'Cadeira Panturilha', 'mmii'),
	(39, 'Esteira', 'aeróbico'),
	(40, 'Bicicleta', 'aeróbico'),
	(41, 'Esteira Escada', 'aeróbico');

INSERT INTO Sys_academia.academia_possui(id_academia, id_maquina, quantidade) VALUES
	(01, 01, 1),
	(01, 02, 2),
	(01, 03, 2),
	(01, 04, 2),
	(01, 05, 2),
	(01, 06, 3),
	(01, 07, 3),
	(01, 08, 3),
	(01, 09, 1),
	(01, 10, 1),
	(01, 17, 4),
	(01, 18, 4),
	(01, 19, 2),
	(01, 20, 40),
	(01, 21, 40),
	(01, 32, 4),
	(01, 33, 3),
	(01, 34, 2),
	(01, 36, 2),
	(01, 37, 4),
	(01, 38, 4),
	(01, 39, 5),
	(01, 40, 3),
	(01, 41, 2),

	(02, 01, 3),
	(02, 02, 4),
	(02, 07, 3),
	(02, 08, 3),
	(02, 09, 2),
	(02, 10, 2),
	(02, 11, 2),
	(02, 12, 1),
	(02, 13, 5),
	(02, 14, 4),
	(02, 15, 3),
	(02, 16, 4),
	(02, 17, 4),
	(02, 30, 5),
	(02, 31, 4),
	(02, 41, 3),

	(03, 07, 2),
	(03, 08, 3),
	(03, 09, 4),
	(03, 10, 3),
	(03, 15, 2),
	(03, 16, 3),
	(03, 17, 3),
	(03, 18, 4),
	(03, 19, 4),
	(03, 20, 50),
	(03, 21, 40),
	(03, 22, 45),
	(03, 23, 45),
	(03, 24, 43),
	(03, 25, 3),
	(03, 26, 2),
	(03, 27, 2),
	(03, 32, 3),
	(03, 33, 3),
	(03, 39, 4),
	(03, 40, 4),
	(03, 41, 5),

	(04, 01, 3),
	(04, 02, 2),
	(04, 09, 3),
	(04, 10, 2),
	(04, 11, 2),
	(04, 12, 2),
	(04, 13, 2),
	(04, 14, 1),
	(04, 20, 50),
	(04, 21, 57),
	(04, 22, 50),
	(04, 23, 45),
	(04, 24, 3),
	(04, 38, 4),
	(04, 39, 5),
	(04, 40, 3),
	(04, 41, 2),

	(06, 01, 3),
	(06, 04, 4),
	(06, 05, 5),
	(06, 06, 3),
	(06, 07, 3),
	(06, 08, 2),
	(06, 09, 3),
	(06, 12, 3),
	(06, 18, 3),
	(06, 19, 3),
	(06, 21, 30),
	(06, 22, 60),
	(06, 23, 57),
	(06, 27, 2),
	(06, 28, 3),
	(06, 29, 2),
	(06, 33, 3),
	(06, 34, 2),
	(06, 35, 2),
	(06, 39, 2),

	(07, 24, 56),
	(07, 25, 3),
	(07, 26, 3),
	(07, 27, 3),
	(07, 28, 3),
	(07, 29, 4),
	(07, 30, 2),
	(07, 31, 2),
	(07, 32, 1),
	(07, 33, 1),
	(07, 41, 1),

	(08, 01, 1),
	(08, 02, 1),
	(08, 03, 1),
	(08, 13, 1),
	(08, 14, 1),
	(08, 15, 1),
	(08, 20, 50),
	(08, 21, 55),
	(08, 22, 55),
	(08, 25, 3),
	(08, 26, 1),
	(08, 27, 2),
	(08, 28, 2),
	(08, 29, 1),
	(08, 30, 1),
	(08, 39, 1),
	(08, 40, 1),
	(08, 41, 1),

	(09, 01, 2),
	(09, 02, 3),
	(09, 03, 3),
	(09, 20, 3),
	(09, 21, 35),
	(09, 22, 25),
	(09, 23, 3),
	(09, 24, 4),
	(09, 25, 3),
	(09, 34, 3),
	(09, 35, 2),
	(09, 36, 2),
	(09, 37, 2),
	(09, 38, 2),
	(09, 39, 5),
	(09, 40, 5),
	(09, 41, 5),

	(11, 01, 2),
	(11, 06, 1),
	(11, 07, 1),
	(11, 08, 1),
	(11, 09, 1),
	(11, 10, 1),
	(11, 17, 1),
	(11, 18, 2),
	(11, 19, 2),
	(11, 20, 40),
	(11, 21, 45),
	(11, 22, 54),
	(11, 23, 45),
	(11, 24, 4),
	(11, 38, 6),
	(11, 39, 6),
	(11, 40, 6),
	(11, 41, 7),

	(12, 01, 2),
	(12, 02, 1),
	(12, 03, 1),
	(12, 04, 1),
	(12, 06, 1),
	(12, 08, 2),
	(12, 09, 2),
	(12, 10, 1),
	(12, 11, 2),
	(12, 16, 2),
	(12, 17, 2),
	(12, 18, 2),
	(12, 19, 1),
	(12, 20, 20),
	(12, 21, 23),
	(12, 28, 25),
	(12, 37, 2),
	(12, 38, 4),
	(12, 39, 6),
	(12, 40, 6),
	(12, 41, 6),

	(13, 01, 2),
	(13, 02, 3),
	(13, 03, 3),
	(13, 04, 3),
	(13, 05, 2),
	(13, 06, 2),
	(13, 07, 2),
	(13, 15, 2),
	(13, 16, 2),
	(13, 17, 2),
	(13, 18, 4),
	(13, 19, 3),
	(13, 20, 40),
	(13, 21, 40),
	(13, 40, 10),
	(13, 41, 8),

	(14, 01, 3),
	(14, 02, 3),
	(14, 08, 3),
	(14, 09, 3),
	(14, 10, 3),
	(14, 11, 3),
	(14, 12, 3),
	(14, 13, 3),
	(14, 14, 4),
	(14, 15, 3),
	(14, 16, 3),
	(14, 17, 3),
	(14, 18, 2),
	(14, 19, 2),
	(14, 20, 45),
	(14, 21, 50),
	(14, 22, 50),
	(14, 23, 52),
	(14, 24, 3),
	(14, 25, 2),
	(14, 26, 2),

	(15, 01, 2),
	(15, 02, 2),
	(15, 03, 2),
	(15, 04, 2),
	(15, 05, 2),
	(15, 06, 2),
	(15, 07, 3),
	(15, 08, 3),
	(15, 09, 3),
	(15, 20, 60),
	(15, 21, 65),
	(15, 22, 35),
	(15, 23, 1),
	(15, 24, 2),
	(15, 30, 2),
	(15, 31, 1),
	(15, 32, 1),
	(15, 39, 8),
	(15, 40, 12),
	(15, 41, 8),

	(16, 01, 2),
	(16, 02, 2),
	(16, 03, 2),
	(16, 04, 2),
	(16, 05, 2),
	(16, 10, 3),
	(16, 11, 3),
	(16, 12, 3),
	(16, 15, 3),
	(16, 16, 2),
	(16, 20, 60),
	(16, 21, 20),
	(16, 25, 2),
	(16, 26, 2),
	(16, 38, 3),
	(16, 39, 3),
	(16, 40, 3),
	(16, 41, 3),

	(17, 01, 2),
	(17, 02, 2),
	(17, 05, 2),
	(17, 07, 3),
	(17, 08, 3),
	(17, 09, 3),
	(17, 14, 3),
	(17, 15, 3),
	(17, 17, 4),
	(17, 19, 4),
	(17, 20, 3),
	(17, 21, 25),
	(17, 22, 43),
	(17, 34, 4),
	(17, 35, 4),
	(17, 36, 3),
	(17, 41, 15),

	(18, 01, 3),
	(18, 02, 3),
	(18, 05, 3),
	(18, 07, 3),
	(18, 08, 3),
	(18, 09, 3),
	(18, 14, 3),
	(18, 15, 3),
	(18, 17, 3),
	(18, 19, 3),
	(18, 20, 30),
	(18, 21, 25),
	(18, 22, 30),
	(18, 34, 3),
	(18, 35, 3),
	(18, 36, 3),
	(18, 41, 3),


	(19, 01, 3),
	(19, 02, 3),
	(19, 04, 3),
	(19, 07, 3),
	(19, 08, 3),
	(19, 19, 3),
	(19, 20, 35),
	(19, 21, 35),
	(19, 22, 40),
	(19, 23, 3),
	(19, 26, 3),
	(19, 28, 3),
	(19, 29, 3),
	(19, 30, 2),
	(19, 33, 3),
	(19, 36, 2),
	(19, 41, 15),

	(20, 01, 2),
	(20, 02, 2),
	(20, 05, 2),
	(20, 07, 1),
	(20, 08, 2),
	(20, 09, 2),
	(20, 14, 2),
	(20, 15, 2),
	(20, 17, 2),
	(20, 19, 1),
	(20, 20, 2),
	(20, 21, 2),
	(20, 22, 2),
	(20, 34, 2),
	(20, 35, 2),
	(20, 36, 2),
	(20, 41, 20);

INSERT INTO Sys_academia.manutencao(id, id_academia, descricao, valor, data_manutencao) VALUES
	(01, 01, 'Luzes', 300 , '11/04/2017'),
	(02, 01, 'Pia do Banheiro', 400, '22/04/2017'),
	(03, 01, 'Piso Borracha', 350, '23/05/2017'),
	(04, 01, 'Troca de Espelho', 800, '15/08/17'),

	(05, 02, 'Materail de Limpeza', 170, '16/03/17'),
	(06, 02, 'Cabo de Aço', 320, '17/03/17'),
	(07, 02, 'Lubrificaçao das Maquinas', 500, '01/05/17'),
	(08, 02, 'Mesa da Recepçao', 350, '04/12/17'),

	(09, 03, 'Troca de Piso', 1900, '05/05/17'),
	(10, 03, 'Construção de Sala', 600, '20/05/2017'),
	(11, 03, 'Troca de Tomadas', 300, '24/05/2017'),
	(12, 03, 'Conserto do Som', 150, '15/06/2017'),
	(13, 03, 'Produtos de Limpeza', 230, '23/12/2017'),
	(14, 03, 'Balança de Precisão', 500, '24/01/2018'),

	(15, 04, 'Computador para Recpeção', 1800, '24/03/2017'),
	(16, 04, 'Conserto de Maquina', 500, '10/04/2017'),
	(17, 04, 'Cabo de Aço', 700, '10/05/2017'),
	(18, 04, 'Trocas de Halters', 540, '15/05/2017'),
	(19, 04, 'Limpeza do Esgoto', 350, '20/05/2017'),
	(20, 04, 'Troca de Esplho', 500, '23/05/2017'),
	(21, 04, 'Troca de Roleta', 250, '14/09/2017'),

	(22, 05, 'Cabo de Aço', 450, '12/03/2017'),
	(23, 05, 'Lubrificação de Maquinas', 300, '15/05/2017'),
	(24, 05, 'Troca de Maquina', 450, '17/05/2017'),
	(25, 05, 'Material de Limpeza', 150, '06/07/2017'),
	(26, 05, 'Reforma', 23000, '04/08/2017'),

	(27, 06, 'Conserto do Computador', 350, '13/04/2017'),
	(28, 06, 'Troca de Maquina', 700, '15/05/2017'),
	(29, 06, 'Troca de Lampadas', 240, '17/05/2017'),
	(30, 06, 'Conserto do Banheiro', 260, '20/05/2017'),
	(31, 06, 'Cabo de Aço', 340, '01/07/2017'),
	(32, 06, 'Material de Limpeza', 150, '05/07/2017'),
	(33, 06, 'Trocas de Piso', 3400, '18/07/2017'),
	(34, 06, 'Trocas de Espelhos', 4000, '14/12/2017'),
	(35, 06, 'Troca do Balcão', 500, '25/02/2018'),

	(36, 07, 'Troca do Piso', 2300, '19/04/2017'),
	(37, 07, 'Troca do Espelho', 3000, '02/05/2017'),
	(38, 07, 'Lubrificação de Maquinas', 350, '05/05/2017'),
	(39, 07, 'Troca de Computador', 2700, '25/07/2017'),

	(40, 08, 'Lubrificaçao de Maquianas', 350, '24/05/2017'),
	(41, 08, 'Conserto do Banheiro', 800, '30/05/2017'),
	(42, 08, 'Troca de Espelhos', 2700, '23/08/2017'),

	(43, 09, 'Lubrificação de Maquinas', 500, '15/05/2017'),

	(44, 11, 'Laterial de Limpeza', 250, '16/04/2017'),
	(45, 11, 'Cabo de Aço', 400, '15/05/2017'),
	(46, 11, 'Conserto de Computador', 700, '17/06/2017'),
	(47, 11, 'Troca do Balcão', 2500, '13/09/2017'),
	(48, 11, 'Troca de Roleta', 2300, '08/12/2017'),

	(49, 12, 'Troca de Espelho', 2500,'13/04/2017'),
	(50, 12, 'Lubrificação das Maquinas', 250, '08/06/2017'),
	(51, 12, 'Troca de Piso', 700, '06/07/2017'),
	(52, 12, 'Conserto da Roleta', 300, '14/08/2017'),

	(53, 13, 'Troca de Pisos', 800, '16/03/2017'),
	(54, 13, 'Substituição de Anilhas', 920, '12/05/2017'),
	(55, 13, 'Troca de Maquina', 1200, '14/06/2017'),

	(56, 14, 'Cabo de Aço', 400, '23/05/2017'),
	(57, 14, 'Material de Limpeza', 250, '25/05/2017'),
	(58, 14, 'Troca de Espelho', 4000, '27/09/2017'),
	(59, 14, 'Lubrificação das Maquinas', 250, '05/10/2017'),

	(60, 15, 'Troca de Lampadas', 300, '10/09/2017'),
	(61, 15, 'Lubrificação das Maquinas', 400, '08/10/2017'),

	(62, 16, 'Troca do Balcão', 2700, '21/04/2017'),
	(63, 16, 'Conserto do Computador', 300, '14/05/2017'),
	(64, 16, 'Kit cameras', 1700, '29/10/2017'),

	(65, 17, 'Troca de Espelho', 300, '12/05/2017'),
	(66, 17, 'Lubrificação de Maquinas', 300, '16/07/2017'),

	(67, 18, 'Conserto do Banheiro', 400, '07/10/2017'),
	(68, 18, 'Material de Limpeza', 250, '14/12/2017'),
	(69, 18, 'Troca de Bebedoro', 540, '04/02/2017'),

	(70, 19, 'Troca de Maquina', 3000, '23/04/2017'),
	(71, 19, 'Lubrificação de Maquinas', 300, '22/05/2017'),
	(72, 19, 'Troca de piso', 430, '23/06/2017'),
	(73, 19, 'Conserto do Computador', 400, '13/12/2017'),

	(74, 20, 'Troca da Balança de Precissão', 4000, '22/04/2017'),
	(75, 20, 'Conserto de Maquinas', 300, '21/05/2017'),
	(76, 20, 'Cabo de Aço', 230, '23/05/2017'),
	(77, 20, 'Troca de Piso', 600, '25/07/2017'),
	(78, 20, 'Troca de Balcão', 2300, '30/09/2017');

INSERT INTO sys_academia.funcionario(id, cpf, nome, id_academia, tipo, salario, telefone1, telefone2, rua, num_casa, cidade) VALUES 
	(1, 54567554637, 'Paulo Vinicius', 1, 'instrutor', 1900, 73635567, 66356272, 'Rua Caitano Veloso', 324, 'Fortaleza'),
	(002, 43565467654, 'João Victor', 1, 'instrutor', 1900, 55643456, 45554433, 'Rua Caitano Veloso', 443, 'Fortaleza'),
	(003, 56374985745, 'Vitor Ferreira', 1, 'instrutor', 1900, 45445453, NULL, 'Rua Avares Cabral', 4543, 'Fortaleza'),
	(004, 45367785544, 'Guilherme Caio', 1, 'instrutor', 1900, 87364739, 44335445, 'Rua Padre Mororo', 7546, 'Fortaleza'),
	(005, 43346778765, 'Paulo Gugel', 1, 'instrutor', 1900, 73635567, 66356272, 'Rua Caitano Veloso', 324, 'Fortaleza'),
	(006, 45566765433, 'Pedro Alves', 1, 'enfermeiro', 1800, 76356273, NULL, 'Rua Princesa Lisboa', 3465, 'Fortaleza'),
	(007, 54456765543, 'Carla Victoria', 1, 'enfermeiro', 1800, 43347667, NULL, 'Rua Ricardo Xavier', 4554, 'Fortaleza'),
	(008, 83746638234, 'Karine Sampaio', 1, 'zelador', 1400, 54456754, 54567784, 'Rua Princesa Lisboa', 3454, 'Fortaleza'),
	(009, 88376463562, 'Diego Rodrigues', 1, 'zelador', 1400, 73645536, NULL, 'Av. Pedro Alves', 5524, 'Fortaleza'),
	(010, 77364758466, 'Iury Peixe', 1, 'recepcao', 1500, 55647736, NULL, 'Rua Galeto vaia', 4435, 'Fortaleza'),
	(011, 54678398479, 'Paulo Lucas', 1, 'recepcao', 1500, 77847567, NULL, 'Rua Joao Victo', 8873, 'Fortaleza'),
	(012, 62738475647, 'Lucas Paulo', 1, 'recepcao', 1500, 99776456, NULL, 'Rua Gaviao Pedro', 8843, 'Fortaleza'),
	
	(013, 48765874354, 'Guilherme Victor', 2, 'instrutor', 1900, 77364475, NULL, 'Rua Pedro Pereira', 674, 'Fortaleza'),
	(014, 45784759459, 'Kaio João', 2, 'instrutor', 1900, 92874465, NULL, 'Rua Pedro Pereira', 746, 'Fortaleza'),
	(015, 49875485434, 'Luana Viana', 2, 'instrutor', 1900, 83847543, 87643546, 'Rua Teodoro da Fonceca', 8837, 'Fortaleza'),
	(016, 48543905403, 'Andre Hugo', 2, 'instrutor', 1900, 73664732, 72635543, 'Rua Padre Mororo', 2432, 'Fortaleza'),
	(017, 49854905843, 'Michel Tarro', 2, 'enfermeiro', 1800, 83837475, NULL, 'Rua Padre Mororo', 2431, 'Fortaleza'),
	(018, 40958409353, 'Jonh Vinei', 2, 'zelador', 1400, 38844745, 83437463, 'Rua Pedro Alves', 2534, 'Fortaleza'),
	(019, 34987303243, 'Evina Gomes', 2, 'recepcao', 1500, 88323774, NULL, 'Rua Pedro Pereira', 648, 'Fortaleza'),
	(020, 09384935794, 'Eliana Chimenes', 2, 'recepcao', 1500, 93834474, NULL, 'Rua Pedro Pereira', 637, 'Fortaleza'),
	
	(021, 40859048594, 'Roberta Viera', 3, 'instrutor', 1900, 64537846, NULL, 'Rua Machado Teodoro', 652, 'Fortaleza'),
	(022, 40958094343, 'Marcelo Martins', 3, 'instrutor', 1900, 65734834, 93845465, 'Rua Barão do Rio Branco', 6625, 'Fortaleza'),
	(023, 48973483435, 'Natan Nobrega', 3, 'instrutor', 1900, 76355463, NULL, 'Rua Padre Roma', 8273, 'Fortaleza'),
	(024, 48979854985, 'Matheus Andrade', 3, 'instrutor', 1900, 73645738, 73645362, 'Rua Padre Roma', 9283, 'Fortaleza'),
	(025, 49875984543, 'Vera da Cruz', 3, 'enfermeiro', 1800, 73647389, NULL, 'Rua Silva Jardim', 9273, 'Fortaleza'),
	(026, 42398483284, 'Hungro Haia', 3, 'zelador', 1400, 28376372, NULL, 'Rua Silva Jardim', 9253, 'Fortaleza'),
	(027, 98579852323, 'Fernandes Evinei', 3, 'zelador', 1400, 72635546, NULL, 'Rua Silva Jardim', 9739, 'Fortaleza'),
	(028, 38484737364, 'Leninha Ramos', 3, 'recepcao', 1500, 72635536, NULL, 'Av. Antonio Sales', 2632, 'Fortaleza'),
	(029, 34889393745, 'Eliana Chimenes', 3, 'recepcao', 1500, 93834474, NULL, 'Rua João Brigo', 2331, 'Fortaleza'),
	
	(030, 98374343255, 'Liana Lima', 4, 'instrutor', 1900, 72636653, 77635532, 'Rua Floriano Peixoto', 9283, 'Fortaleza'),
	(031, 23894271020, 'Leonara Lins', 4, 'instrutor', 1900, 62532362, NULL, 'Av. Dom Manuel', 9938, 'Fortaleza'),
	(032, 38947523843, 'Murilo Gun', 4, 'instrutor', 1900, 76355463, 63778823, 'Rua Heraclito Graças', 9384, 'Fortaleza'),
	(033, 94857892343, 'Murilo Couto', 4, 'instrutor', 1900, 79833745, NULL, 'Rua Pinto Madeira', 9932, 'Fortaleza'),
	(034, 38975282535, 'Beijame Leo', 4, 'instrutor', 1900, 73647832, 65524366, 'Rua Dom Manuel', 2939, 'Fortaleza'),
	(035, 89759845453, 'Ana Claudia', 4, 'instrutor', 1900, 92928838, NULL, 'Rua Pinto Madeira', 2932, 'Fortaleza'),
	(036, 49875834334, 'Bernadete Woloites', 4, 'enfermeiro', 1800, 77632365, 83765543, 'Rua Pinto Madeira', 0293, 'Fortaleza'),
	(037, 35480985043, 'Raj Crutapale', 4, 'enfermeiro', 1800, 98256473, NULL, 'Rua Dom Manuel', 9283, 'Fortaleza'),
	(038, 84754594343, 'Sheldon Cooper', 4, 'enfermeiro', 1800, 88726352, NULL, 'Rua Floriano Peixoto', 9283, 'Fortaleza'),
	(039, 45894034322, 'Penny Font', 4, 'zelador', 1400, 8865323, 6635237, 'Rua Pinto Madeira', 9384, 'Fortaleza'),
	(040, 48957894544, 'Leonarde Guetes', 4, 'zelador', 1400, 873688273, 77632352, 'Rua Torres Silva', 8374, 'Fortaleza'),
	(041, 48975983423, 'Bolsonaro Gomes', 4, 'zelador', 1400, 88277382, 73654632, 'Rua Torres Silva', 7364, 'Fortaleza'),
	(042, 84759384234, 'Flavio Bolsonaro', 4, 'recepcao', 1500, 82726372, 99328762, 'Av. Santos Domont', 4532, 'Fortaleza'),
	(043, 38497598453, 'Juliana Paes', 4, 'recepcao', 1500, 99228323, NULL, 'Av. Santos Domont', 2343, 'Fortaleza'),
	(044, 89749837498, 'Carol Nakamura', 4, 'recepcao', 1500, 93823372, 93238772, 'Rua Pedro Valente', 3432, 'Fortaleza'),
	
	(045, 76355363456, 'Kaio Underson', 6, 'instrutor', 1900, 72636653, 77635532, 'Rua Floriano Peixoto', 8273, 'Juazeiro do Sul'),
	(046, 98746372138, 'Sophia Alves', 6, 'instrutor', 1900, 72636653, 77635532, 'Rua Floriano Peixoto', 7362, 'Juazeiro do Sul'),
	(047, 92873647382, 'Miguel Duntra', 6, 'instrutor', 1800, 77632365, 83765543, 'Rua Pinto Madeira', 9837, 'Juazeiro do Sul'),
	(048, 93847327483, 'Juliana Gavio', 6, 'zelador', 1700, 88277382, 73654632, 'Rua Torres Silva', 9283, 'Juazeiro do Sul'),
	(049, 38475839485, 'Manuela Calia', 6, 'recepcao', 1500, 93823372, 93238772, 'Rua Pedro Valente', 7736, 'Juazeiro do Sul'),
	
	(050, 72671883728, 'Alice Viera', 7, 'instrutor', 1900, 83746643, NULL, 'Rua Canuto de Aguiar', 7493, 'Juazeiro do Sul'),
	(051, 73637262739, 'Isabelle Gomes', 7, 'instrutor', 1900, 73672829, 53456732, 'Rua Pereira Valente', 409, 'Juazeiro do Sul'),
	(052, 03938297382, 'Manuela Forte', 7, 'instrutor', 1900, 84783647, 83736623, 'Rua Marcos Macêdo', 293, 'Juazeiro do Sul'),
	(053, 00393982923, 'Gabriel Julio', 7, 'enfermeiro', 1800, 93847743, 83746748, 'Rua Eduardo Garcia', 102, 'Juazeiro do Sul'),
	(054, 83902928889, 'Bernado Lima', 7, 'zelador', 1700, 98377483, NULL, 'Av. Padre Antônio Tomás', 261, 'Juazeiro do Sul'),
	(055, 03938927832, 'Rafael Feijão', 7, 'recepcao', 1500, 83734683, 99834537, 'Rua Vicente Linhares', 7363, 'Juazeiro do Sul'),
	(056, 76473829023, 'Giovanna Serafim', 7, 'recepcao', 1500, 98363343, NULL, 'Rua Beni Carvalho', 6352, 'Juazeiro do Sul'),
	
	(057, 83747345432, 'Heitor Calada', 8, 'instrutor', 1900, 99663352, NULL, 'Rua Israel Bezerra', 9382, 'Juazeiro do Sul'),
	(058, 38473627832, 'Laura Almada', 8, 'instrutor', 1900, 87754043, NULL, 'Av. Pontes Viera', 1523, 'Juazeiro do Sul'),
	(059, 64756382910, 'Valentina Reis', 8, 'instrutor', 1900, 73643443, 85748394, 'Rua Padre Roma', 4442, 'Juazeiro do Sul'),
	(060, 83749900392, 'Enzo Ferreira', 8, 'enfermeiro', 1800, 74633843, 38457447, 'Rua Padre Mororo', 443, 'Juazeiro do Sul'),
	(061, 38846793202, 'Nicolas Diego', 8, 'zelador', 1600, 74679345, 87589456, 'Rua Pinto Madeira', 3432, 'Juazeiro do Sul'),
	(062, 37849403029, 'Maria Lucia', 8, 'recepcao', 1700, 54647675, NULL, 'Av. Dom Manuel', 334, 'Juazeiro do Sul'),
	(063, 93028847382, 'Gustavo Duntra', 8, 'recepcao', 1700, 36455643, 75647754, 'Rua Torres Pontes', 6473, 'Juazeiro do Sul'),
	
	(064, 73634747893, 'Mariana Vilela', 9, 'instrutor', 1900, 94373948, NULL, 'Av. Placido Castelo', 9883, 'Quixadá'),
	(065, 38743829403, 'Felipe Lima', 9, 'instrutor', 1900, 74833922, NULL, 'Rua Oscar Barbosa', 4432, 'Quixadá'),
	(066, 39874738823, 'Samuel Evangelista', 9, 'instrutor', 1900, 98476748, 84763782, 'Rua Rui Maia', 3432, 'Quixadá'),
	(067, 37474637823, 'Rafaela Joana', 9, 'enfermeiro', 1800, 83749388, 7478364, 'Rua Rui Maia', 3432, 'Quixadá'),
	(068, 84733788433, 'Daniel Wesley', 9, 'zelador', 1500, 3434675, NULL, 'Rua Basilio Emiliano Pinto', 3432, 'Quixadá'),
	(069, 83743892034, 'Maria Clara', 9, 'zelador', 1500, 83746643, NULL, 'Rua Larte Pinheiro', 3432, 'Quixadá'),
	(070, 38837822637, 'Henrique Araujo', 9, 'recepcao', 1800, 73678837, NULL, 'Av. José Caetano Almeida', 3423, 'Quixadá'),
	(071, 44837337478, 'Pedro Henrique', 9, 'recepcao', 1800, 74637383, 87463563, 'Rua José Jucá', 7362, 'Quixadá'),
	
	(072, 38949034355, 'Alice Araujo', 11, 'instrutor', 1900, 93876643, NULL, 'Rua Oscar Freire', 8737, 'São Paulo'),
	(073, 85049834320, 'Pietro Nelio', 11, 'instrutor', 1900, 98477382, NULL, 'Rua Alameda Lorena', 3923, 'São Paulo'),
	(074, 03483504021, 'Isaac Carlos', 11, 'instrutor', 1900, 97467837, NULL, 'Rua Oscar Freire', 3002, 'São Paulo'),
	(075, 38947958431, 'Alcides Neto', 11, 'enfermeiro', 1800, 96634732, NULL, 'Av. Nove de Julho', 1022, 'São Paulo'),
	(076, 45674987432, 'Paulo Ricardo', 11, 'zelador', 1400, 99484821, NULL, 'Rua Batates', 1002, 'São Paulo'),
	(077, 98475948753, 'Caio Vinil', 11, 'zelador', 1400, 93847748, 38948343, 'Rua Cravinhos', 3892, 'São Paulo'),
	(078, 38743648732, 'Melissa Leron', 11, 'recepcao', 1500, 87763332, 87673646, 'Rua Paraguai', 3023, 'São Paulo'),
	(079, 74635627389, 'Vinicius Junior', 11, 'recepcao', 1500,77383442, NULL, 'Rua Honduras', 9382, 'São Paulo'),
	
	(080, 48975847545, 'Alisson Rocha', 12, 'instrutor', 1900, 89300498, 94856754, 'Rua João Pinheiro', 4897, 'São Paulo'),
	(081, 88986754322, 'Eduardo Queiroz', 12, 'instrutor', 1900, 93848832, NULL, 'Av. Brasil', 4356, 'São Paulo'),
	(082, 50495840400, 'Lana Viera', 12, 'instrutor', 1900, 93747382, NULL, 'Rua Veneza', 5643, 'São Paulo'),
	(083, 23843240024, 'Valdemir Junior', 12, 'enfermeiro', 1800, 69584054, NULL, 'Rua Sarita Cyrillo', 3453, 'São Paulo'),
	(084, 89749854030, 'Melissa Santana', 12, 'zelador', 1400, 84750432, NULL, 'Rua Feliciano Maia', 3554, 'São Paulo'),
	(085, 64867465784, 'Joelma Lua', 12, 'recepcao', 1500, 45945084, 87598475, 'Rua Tajá', 4546, 'São Paulo'),
	(086, 09584950450, 'Ether Zara', 12, 'recepcao', 1500, 89745879, NULL, 'Rua Mendes Paes', 4564, 'São Paulo'),
	
	(087, 48479578443, 'Pedro Icaro', 13, 'instrutor', 1900, 98476738, NULL, 'Rua Domingos Fernandes', 3454, 'São Paulo'),
	(088, 38975458405, 'João Vieira', 13, 'instrutor', 1900, 93848832, 98847345, 'Rua Gararu', 5643, 'São Paulo'),
	(089, 48908549543, 'Caio Gomes', 13, 'instrutor', 1900, 74838435, 87584432, 'Rua Monte Prazil', 4213, 'São Paulo'),
	(090, 45654575767, 'José Lucas', 13, 'enfermeiro', 1800, 74849594, NULL, 'Rua Sarita Cyrillo', 1342, 'São Paulo'),
	(091, 89408509452, 'Valentina Ferreira', 13, 'zelador', 1400, 85455345, NULL, 'Rua Sarita Cyrillo', 1284, 'São Paulo'),
	(092, 40584305404, 'Heloise Braz', 13, 'recepcao', 1500, 98549565, 77759485, 'Rua Quiçaba', 4533, 'São Paulo'),
	(093, 99844788784, 'Fernanda Medina', 13, 'recepcao', 1500, 76554569, NULL, 'Rua Mendes Paes', 4564, 'São Paulo'),
	
	(094, 65545465765, 'Joaqui Fero', 14, 'instrutor', 1900, 34539058, NULL, 'Rua Pedro Guimelherme', 3334, 'São Paulo'),
	(095, 45675643534, 'Guilherme Lopes', 14, 'instrutor', 1900, 35049324, NULL, 'Av. Guimarans de Alcantara', 3430, 'São Paulo'),
	(096, 40958235933, 'Mateus Hungro', 14, 'instrutor', 1900, 34564323, NULL, 'Rua Veneza', 5443, 'São Paulo'),
	(097, 90684985490, 'Thiago Ventura', 14, 'enfermeiro', 1800, 09239432, NULL, 'Rua Rui Tum', 4564, 'São Paulo'),
	(098, 45809435049, 'Patrique Estrela', 14, 'zelador', 1400, 35897453, NULL, 'Rua Roxinol', 6765, 'São Paulo'),
	(099, 19080231823, 'Bob Espoja', 14, 'recepcao', 1500, 45839743, 87598475, 'Rua Gaviota', 3543, 'São Paulo'),
	(100, 38743928409, 'Rau Gil', 14, 'recepcao', 1500, 45593434, NULL, 'Rua Gaviota', 3543, 'São Paulo'),
		
	(101, 47592893473, 'Davi Lucas', 15, 'instrutor', 2000, 34848093, NULL, 'Av. Piauí', 2764, 'Patos'),
	(102, 49723403949, 'Rebeca Andrade', 15, 'instrutor', 1900, 39874323, NULL, 'Rua Amazonas', 2356, 'Patos'),
	(103, 33443224535, 'Larissa Juliana', 15, 'instrutor', 1900, 03989334, 98987736, 'Rua Pará', 2938, 'Patos'),
	(104, 76456345436, 'Mayara Lima', 15, 'enfermeiro', 1800, 56756453, NULL, 'Rua Pernambuco', 2034, 'Patos'),
	(105, 45664444333, 'Breno Farias', 15, 'zelador', 1600, 45677543, NULL, 'Rua Amazonas', 2313, 'Patos'),
	(106, 48975984764, 'Diego Lopes', 15, 'recepcao', 1700, 93845443, 34654534, 'Rua Pará', 2321, 'Patos'),
	(107, 89765749584, 'Ether Zara', 15, 'recepcao', 1500, 89745879, NULL, 'Rua Sergipe', 4545, 'Patos'),
	
	(108, 38472398439, 'Pedro Henrique', 16, 'instrutor', 1900, 258397945, 43645454, 'Rua Poupolas', 3543, 'Curitiba'),
	(109, 84759586753, 'Lucas Victor', 16, 'instrutor', 1900, 354345243, NULL, 'Rua das Cejeiras', 4564, 'Curitiba'),
	(110, 43540954950, 'Fernanda Pinheiro', 16, 'instrutor', 2000, 35436534, NULL, 'Rua das Laranjeiras', 533, 'Curitiba'),
	(111, 48935739485, 'Rodrigo Ferreira', 16, 'enfermeiro', 2000, 35433652, NULL, 'Rua dos Feltrins', 123, 'Curitiba'),
	(112, 97548548094, 'Alana Gomes', 16, 'zelador', 1500, 35484354, NULL, 'Rua João Morassi', 2332, 'Curitiba'),
	(113, 48957948352, 'Frida Lopes', 16, 'recepcao', 1500, 75684333, 87598475, 'Rua das Macieras', 1111, 'Curitiba'),
	(114, 09593458493, 'Carla Almada', 16, 'recepcao', 1600, 54655432, NULL, 'Rua Poupolas', 3543, 'Curitiba'),
	
	(115, 32465344365, 'Alisson Rocha', 17, 'instrutor', 1900, 89300498, 94856754, 'Rua João Pinheiro', 4897, 'Curitiba'),
	(116, 43547585674, 'Eduardo Queiroz', 17, 'instrutor', 1900, 93848832, NULL, 'Av. Brasil', 4356, 'Curitiba'),
	(117, 64758756745, 'Lana Viera', 17, 'instrutor', 1900, 93747382, NULL, 'Rua Veneza', 5643, 'Curitiba'),
	(118, 34567456453, 'Valdemir junior', 17, 'enfermeiro', 1800, 69584054, NULL, 'Rua Sarita Cyrillo', 3453, 'Curitiba'),
	(119, 45675463542, 'Melissa Santana', 17, 'zelador', 1400, 84750432, NULL, 'Rua Feliciano Maia', 3554, 'Curitiba'),
	(120, 34567453222, 'Joelma Lua', 17, 'recepcao', 1500, 45945084, 87598475, 'Rua Tajá', 4546, 'Curitiba'),
	(121, 34564756453, 'Ether Zara', 17, 'recepcao', 1500, 89745879, NULL, 'Rua Mendes Paes', 4564, 'Curitiba'),
	
	(122, 35464756453, 'Alisson Rocha', 18, 'instrutor', 1900, 89300498, 94856754, 'Rua João Pinheiro', 4897, 'Curitiba'),
	(123, 34536547658, 'Eduardo Queiroz', 18, 'instrutor', 1900, 93848832, NULL, 'Av. Brasil', 4356, 'Curitiba'),
	(124, 45675645342, 'Lana Viera', 18, 'instrutor', 1900, 93747382, NULL, 'Rua Veneza', 5643, 'Curitiba'),
	(125, 43632352436, 'Valdemir junior', 18, 'enfermeiro', 1800, 69584054, NULL, 'Rua Sarita Cyrillo', 3453, 'Curitiba'),
	(126, 54765874564, 'Melissa Santana', 18, 'zelador', 1400, 84750432, NULL, 'Rua Feliciano Maia', 3554, 'Curitiba'),
	(127, 45745755342, 'Joelma Lua', 18, 'recepcao', 1500, 45945084, 87598475, 'Rua Tajá', 4546, 'Curitiba'),
	(128, 43567453453, 'Ether Zara', 18, 'recepcao', 1500, 89745879, NULL, 'Rua Mendes Paes', 4564, 'Curitiba'),
	
	(129, 45345652345, 'Alisson Rocha', 19, 'instrutor', 1900, 89300498, 94856754, 'Rua João Pinheiro', 4897, 'Curitiba'),
	(130, 45465645432, 'Eduardo Queiroz', 19, 'instrutor', 1900, 93848832, NULL, 'Av. Brasil', 4356, 'Curitiba'),
	(131, 43564634542, 'Lana Viera', 19, 'instrutor', 1900, 93747382, NULL, 'Rua Veneza', 5643, 'Curitiba'),
	(132, 87654345454, 'Valdemir junior', 19, 'enfermeiro', 1800, 69584054, NULL, 'Rua Sarita Cyrillo', 3453, 'Curitiba'),
	(133, 63453463346, 'Melissa Santana', 19, 'zelador', 1400, 84750432, NULL, 'Rua Feliciano Maia', 3554, 'Curitiba'),
	(134, 09343250823, 'Joelma Lua', 19, 'recepcao', 1500, 45945084, 87598475, 'Rua Tajá', 4546, 'Curitiba'),
	(135, 32875984753, 'Ether Zara', 19, 'recepcao', 1500, 89745879, NULL, 'Rua Mendes Paes', 4564, 'Curitiba'),
	
	(136, 43498365798, 'Alisson Rocha', 20, 'instrutor', 1900, 89300498, 94856754, 'Rua João Pinheiro', 4897, 'Curitiba'),
	(137, 49827598573, 'Eduardo Queiroz', 20, 'instrutor', 1900, 93848832, NULL, 'Av. Brasil', 4356, 'Curitiba'),
	(138, 85728934342, 'Lana Viera', 20, 'instrutor', 1900, 93747382, NULL, 'Rua Veneza', 5643, 'Curitiba'),
	(139, 38975948545, 'Valdemir junior', 20, 'enfermeiro', 1800, 69584054, NULL, 'Rua Sarita Cyrillo', 3453, 'Curitiba'),
	(140, 38975845734, 'Melissa Santana', 20, 'zelador', 1400, 84750432, NULL, 'Rua Feliciano Maia', 3554, 'Curitiba'),
	(141, 98798553232, 'Joelma Lua', 20, 'recepcao', 1500, 45945084, 87598475, 'Rua Tajá', 4546, 'Curitiba'),
	(142, 89475987943, 'Ether Zara', 20, 'recepcao', 1500, 89745879, NULL, 'Rua Mendes Paes', 4564, 'Curitiba');

INSERT INTO sys_academia.pagamento_funcionario (id_funcionario, id_academia, data_pag) VALUES
    (1, 1, '01/01/2017'),
    (1, 1, '01/02/2017'),
    (1, 1, '01/03/2017'),
    (1, 1, '01/04/2017'),
    (1, 1, '01/05/2017'),
    (1, 1, '01/06/2017'),
    
	(2, 1, '01/01/2017'),
    (2, 1, '01/02/2017'),
    (2, 1, '01/03/2017'),
    (2, 1, '01/04/2017'),
    (2, 1, '01/05/2017'),
    
	(2, 1, '01/06/2017'),
    (3, 1, '01/01/2017'),
    (3, 1, '01/02/2017'),
    (3, 1, '01/03/2017'),
    (3, 1, '01/04/2017'),
    (3, 1, '01/05/2017'),
    (3, 1, '01/06/2017'),
    
	(4, 1, '01/01/2017'),
    (4, 1, '01/02/2017'),
    (4, 1, '01/03/2017'),
    (4, 1, '01/04/2017'),
    (4, 1, '01/05/2017'),
    (4, 1, '01/06/2017'),
    
	(5, 1, '01/01/2017'),
    (5, 1, '01/02/2017'),
    (5, 1, '01/03/2017'),
    (5, 1, '01/04/2017'),
    (5, 1, '01/05/2017'),
    (5, 1, '01/06/2017'),
    
	(6, 1, '01/01/2017'),
    (6, 1, '01/02/2017'),
    (6, 1, '01/03/2017'),
    (6, 1, '01/04/2017'),
    (6, 1, '01/05/2017'),
    (6, 1, '01/06/2017'),
    
	(7, 1, '01/01/2017'),
    (7, 1, '01/02/2017'),
    (7, 1, '01/03/2017'),
    (7, 1, '01/04/2017'),
    (7, 1, '01/05/2017'),
    (7, 1, '01/06/2017'),
    
	(8, 1, '01/01/2017'),
    (8, 1, '01/02/2017'),
    (8, 1, '01/03/2017'),
    (8, 1, '01/04/2017'),
    (8, 1, '01/05/2017'),
    (8, 1, '01/06/2017'),
    
	(9, 1, '01/01/2017'),
    (9, 1, '01/02/2017'),
    (9, 1, '01/03/2017'),
    (9, 1, '01/04/2017'),
    (9, 1, '01/05/2017'),
    (9, 1, '01/06/2017'),
    
	(10, 1, '01/01/2017'),
    (10, 1, '01/02/2017'),
    (10, 1, '01/03/2017'),
    (10, 1, '01/04/2017'),
    (10, 1, '01/05/2017'),
    (10, 1, '01/06/2017'),
    
	(11, 1, '01/01/2017'),
    (11, 1, '01/02/2017'),
    (11, 1, '01/03/2017'),
    (11, 1, '01/04/2017'),
    (11, 1, '01/05/2017'),
    (11, 1, '01/06/2017'),
    
	(12, 1, '01/01/2017'),
    (12, 1, '01/02/2017'),
    (12, 1, '01/03/2017'),
    (12, 1, '01/04/2017'),
    (12, 1, '01/05/2017'),
    (12, 1, '01/06/2017'),
    
	(13, 2, '01/01/2017'),
    (13, 2, '01/02/2017'),
    (13, 2, '01/03/2017'),
    (13, 2, '01/04/2017'),
    (13, 2, '01/05/2017'),
    (13, 2, '01/06/2017'),
    
	(14, 2, '01/01/2017'),
    (14, 2, '01/02/2017'),
    (14, 2, '01/03/2017'),
    (14, 2, '01/04/2017'),
    (14, 2, '01/05/2017'),
    (14, 2, '01/06/2017'),
    
	(15, 2, '01/01/2017'),
    (15, 2, '01/02/2017'),
    (15, 2, '01/03/2017'),
    (15, 2, '01/04/2017'),
    (15, 2, '01/05/2017'),
    (15, 2, '01/06/2017'),
    
	(16, 2, '01/01/2017'),
    (16, 2, '01/02/2017'),
    (16, 2, '01/03/2017'),
    (16, 2, '01/04/2017'),
    (16, 2, '01/05/2017'),
    (16, 2, '01/06/2017'),
    
	(17, 2, '01/01/2017'),
    (17, 2, '01/02/2017'),
    (17, 2, '01/03/2017'),
    (17, 2, '01/04/2017'),
    (17, 2, '01/05/2017'),
    (17, 2, '01/06/2017'),
    
	(18, 2, '01/01/2017'),
    (18, 2, '01/02/2017'),
    (18, 2, '01/03/2017'),
    (18, 2, '01/04/2017'),
    (18, 2, '01/05/2017'),
    (18, 2, '01/06/2017'),
    
	(19, 2, '01/01/2017'),
    (19, 2, '01/02/2017'),
    (19, 2, '01/03/2017'),
    (19, 2, '01/04/2017'),
    (19, 2, '01/05/2017'),
    (19, 2, '01/06/2017'),
    
	(20, 2, '01/01/2017'),
    (20, 2, '01/02/2017'),
    (20, 2, '01/03/2017'),
    (20, 2, '01/04/2017'),
    (20, 2, '01/05/2017'),
    (20, 2, '01/06/2017'),
    
	(21, 3, '01/01/2017'),
    (21, 3, '01/02/2017'),
    (21, 3, '01/03/2017'),
    (21, 3, '01/04/2017'),
    (21, 3, '01/05/2017'),
    (21, 3, '01/06/2017'),
    
	(22, 3, '01/01/2017'),
    (22, 3, '01/02/2017'),
    (22, 3, '01/03/2017'),
    (22, 3, '01/04/2017'),
    (22, 3, '01/05/2017'),
    (22, 3, '01/06/2017'),
    
	(23, 3, '01/01/2017'),
    (23, 3, '01/02/2017'),
    (23, 3, '01/03/2017'),
    (23, 3, '01/04/2017'),
    (23, 3, '01/05/2017'),
    (23, 3, '01/06/2017'),
    
	(24, 3, '01/01/2017'),
    (24, 3, '01/02/2017'),
    (24, 3, '01/03/2017'),
    (24, 3, '01/04/2017'),
    (24, 3, '01/05/2017'),
    (24, 3, '01/06/2017'),
    
	(25, 3, '01/01/2017'),
    (25, 3, '01/02/2017'),
    (25, 3, '01/03/2017'),
    (25, 3, '01/04/2017'),
    (25, 3, '01/05/2017'),
    (25, 3, '01/06/2017'),
    
	(26, 3, '01/01/2017'),
    (26, 3, '01/02/2017'),
    (26, 3, '01/03/2017'),
    (26, 3, '01/04/2017'),
    (26, 3, '01/05/2017'),
    (26, 3, '01/06/2017'),
    
	(27, 3, '01/01/2017'),
    (27, 3, '01/02/2017'),
    (27, 3, '01/03/2017'),
    (27, 3, '01/04/2017'),
    (27, 3, '01/05/2017'),
    (27, 3, '01/06/2017'),
    
	(28, 3, '01/01/2017'),
    (28, 3, '01/02/2017'),
    (28, 3, '01/03/2017'),
    (28, 3, '01/04/2017'),
    (28, 3, '01/05/2017'),
    (28, 3, '01/06/2017'),
    
	(29, 3, '01/01/2017'),
    (29, 3, '01/02/2017'),
    (29, 3, '01/03/2017'),
    (29, 3, '01/04/2017'),
    (29, 3, '01/05/2017'),
    (29, 3, '01/06/2017'),
    
	(30, 4, '01/01/2017'),
    (30, 4, '01/02/2017'),
    (30, 4, '01/03/2017'),
    (30, 4, '01/04/2017'),
    (30, 4, '01/05/2017'),
    (30, 4, '01/06/2017'),
    
	(31, 4, '01/01/2017'),
    (31, 4, '01/02/2017'),
    (31, 4, '01/03/2017'),
    (31, 4, '01/04/2017'),
    (31, 4, '01/05/2017'),
    (31, 4, '01/06/2017'),
    
	(32, 4, '01/01/2017'),
    (32, 4, '01/02/2017'),
    (32, 4, '01/03/2017'),
    (32, 4, '01/04/2017'),
    (32, 4, '01/05/2017'),
    (32, 4, '01/06/2017'),
    
	(33, 4, '01/01/2017'),
    (33, 4, '01/02/2017'),
    (33, 4, '01/03/2017'),
    (33, 4, '01/04/2017'),
    (33, 4, '01/05/2017'),
    (33, 4, '01/06/2017'),
    
	(34, 4, '01/01/2017'),
    (34, 4, '01/02/2017'),
    (34, 4, '01/03/2017'),
    (34, 4, '01/04/2017'),
    (34, 4, '01/05/2017'),
    (34, 4, '01/06/2017'),
    
	(35, 4, '01/01/2017'),
    (35, 4, '01/02/2017'),
    (35, 4, '01/03/2017'),
    (35, 4, '01/04/2017'),
    (35, 4, '01/05/2017'),
    (35, 4, '01/06/2017'),
    
	(36, 4, '01/01/2017'),
    (36, 4, '01/02/2017'),
    (36, 4, '01/03/2017'),
    (36, 4, '01/04/2017'),
    (36, 4, '01/05/2017'),
    (36, 4, '01/06/2017'),
    
	(37, 4, '01/01/2017'),
    (37, 4, '01/02/2017'),
    (37, 4, '01/03/2017'),
    (37, 4, '01/04/2017'),
    (37, 4, '01/05/2017'),
    (37, 4, '01/06/2017'),
    
	(38, 4, '01/01/2017'),
    (38, 4, '01/02/2017'),
    (38, 4, '01/03/2017'),
    (38, 4, '01/04/2017'),
    (38, 4, '01/05/2017'),
    (38, 4, '01/06/2017'),
    
	(39, 4, '01/01/2017'),
    (39, 4, '01/02/2017'),
    (39, 4, '01/03/2017'),
    (39, 4, '01/04/2017'),
    (39, 4, '01/05/2017'),
    (39, 4, '01/06/2017'),
    
	(40, 4, '01/01/2017'),
    (40, 4, '01/02/2017'),
    (40, 4, '01/03/2017'),
    (40, 4, '01/04/2017'),
    (40, 4, '01/05/2017'),
    (40, 4, '01/06/2017'),
    
	(41, 4, '01/01/2017'),
    (41, 4, '01/02/2017'),
    (41, 4, '01/03/2017'),
    (41, 4, '01/04/2017'),
    (41, 4, '01/05/2017'),
    (41, 4, '01/06/2017'),
    
	(42, 4, '01/01/2017'),
    (42, 4, '01/02/2017'),
    (42, 4, '01/03/2017'),
    (42, 4, '01/04/2017'),
    (42, 4, '01/05/2017'),
    (42, 4, '01/06/2017'),
    
	(43, 4, '01/01/2017'),
    (43, 4, '01/02/2017'),
    (43, 4, '01/03/2017'),
    (43, 4, '01/04/2017'),
    (43, 4, '01/05/2017'),
    (43, 4, '01/06/2017'),
    
	(44, 4, '01/01/2017'),
    (44, 4, '01/02/2017'),
    (44, 4, '01/03/2017'),
    (44, 4, '01/04/2017'),
    (44, 4, '01/05/2017'),
    (44, 4, '01/06/2017'),
    
	(45, 6, '01/01/2017'),
    (45, 6, '01/02/2017'),
    (45, 6, '01/03/2017'),
    (45, 6, '01/04/2017'),
    (45, 6, '01/05/2017'),
    (45, 6, '01/06/2017'),
    
	(46, 6, '01/01/2017'),
    (46, 6, '01/02/2017'),
    (46, 6, '01/03/2017'),
    (46, 6, '01/04/2017'),
    (46, 6, '01/05/2017'),
    (46, 6, '01/06/2017'),
    
	(47, 6, '01/01/2017'),
    (47, 6, '01/02/2017'),
    (47, 6, '01/03/2017'),
    (47, 6, '01/04/2017'),
    (47, 6, '01/05/2017'),
    (47, 6, '01/06/2017'),
    
	(48, 6, '01/01/2017'),
    (48, 6, '01/02/2017'),
    (48, 6, '01/03/2017'),
    (48, 6, '01/04/2017'),
    (48, 6, '01/05/2017'),
    (48, 6, '01/06/2017'),
    
	(49, 6, '01/01/2017'),
    (49, 6, '01/02/2017'),
    (49, 6, '01/03/2017'),
    (49, 6, '01/04/2017'),
    (49, 6, '01/05/2017'),
    (49, 6, '01/06/2017'),
    
	(50, 7, '01/01/2017'),
    (50, 7, '01/02/2017'),
    (50, 7, '01/03/2017'),
    (50, 7, '01/04/2017'),
    (50, 7, '01/05/2017'),
    (50, 7, '01/06/2017'),
    
	(51, 7, '01/01/2017'),
    (51, 7, '01/02/2017'),
    (51, 7, '01/03/2017'),
    (51, 7, '01/04/2017'),
    (51, 7, '01/05/2017'),
    (51, 7, '01/06/2017'),
    
	(52, 7, '01/01/2017'),
    (52, 7, '01/02/2017'),
    (52, 7, '01/03/2017'),
    (52, 7, '01/04/2017'),
    (52, 7, '01/05/2017'),
    (52, 7, '01/06/2017'),
    
	(53, 7, '01/01/2017'),
    (53, 7, '01/02/2017'),
    (53, 7, '01/03/2017'),
    (53, 7, '01/04/2017'),
    (53, 7, '01/05/2017'),
    (53, 7, '01/06/2017'),
    
	(54, 7, '01/01/2017'),
    (54, 7, '01/02/2017'),
    (54, 7, '01/03/2017'),
    (54, 7, '01/04/2017'),
    (54, 7, '01/05/2017'),
    (54, 7, '01/06/2017'),
    
	(55, 7, '01/01/2017'),
    (55, 7, '01/02/2017'),
    (55, 7, '01/03/2017'),
    (55, 7, '01/04/2017'),
    (55, 7, '01/05/2017'),
    (55, 7, '01/06/2017'),
    
	(56, 7, '01/01/2017'),
    (56, 7, '01/02/2017'),
    (56, 7, '01/03/2017'),
    (56, 7, '01/04/2017'),
    (56, 7, '01/05/2017'),
    (56, 7, '01/06/2017'),
    
	(57, 8, '01/01/2017'),
    (57, 8, '01/02/2017'),
    (57, 8, '01/03/2017'),
    (57, 8, '01/04/2017'),
    (57, 8, '01/05/2017'),
    (57, 8, '01/06/2017'),
    
	(58, 8, '01/01/2017'),
    (58, 8, '01/02/2017'),
    (58, 8, '01/03/2017'),
    (58, 8, '01/04/2017'),
    (58, 8, '01/05/2017'),
    (58, 8, '01/06/2017'),
    
	(59, 8, '01/01/2017'),
    (59, 8, '01/02/2017'),
    (59, 8, '01/03/2017'),
    (59, 8, '01/04/2017'),
    (59, 8, '01/05/2017'),
    (59, 8, '01/06/2017'),
    
	(60, 8, '01/01/2017'),
    (60, 8, '01/02/2017'),
    (60, 8, '01/03/2017'),
    (60, 8, '01/04/2017'),
    (60, 8, '01/05/2017'),
    (60, 8, '01/06/2017'),
    
	(61, 8, '01/01/2017'),
    (61, 8, '01/02/2017'),
    (61, 8, '01/03/2017'),
    (61, 8, '01/04/2017'),
    (61, 8, '01/05/2017'),
    (61, 8, '01/06/2017'),
    
	(62, 8, '01/01/2017'),
    (62, 8, '01/02/2017'),
    (62, 8, '01/03/2017'),
    (62, 8, '01/04/2017'),
    (62, 8, '01/05/2017'),
    (62, 8, '01/06/2017'),
    
	(63, 8, '01/01/2017'),
    (63, 8, '01/02/2017'),
    (63, 8, '01/03/2017'),
    (63, 8, '01/04/2017'),
    (63, 8, '01/05/2017'),
    (63, 8, '01/06/2017'),
    
	(64, 9, '01/01/2017'),
    (64, 9, '01/02/2017'),
    (64, 9, '01/03/2017'),
    (64, 9, '01/04/2017'),
    (64, 9, '01/05/2017'),
    (64, 9, '01/06/2017'),
    
	(65, 9, '01/01/2017'),
    (65, 9, '01/02/2017'),
    (65, 9, '01/03/2017'),
    (65, 9, '01/04/2017'),
    (65, 9, '01/05/2017'),
    (65, 9, '01/06/2017'),
    
	(66, 9, '01/01/2017'),
    (66, 9, '01/02/2017'),
    (66, 9, '01/03/2017'),
    (66, 9, '01/04/2017'),
    (66, 9, '01/05/2017'),
    (66, 9, '01/06/2017'),
    
	(67, 9, '01/01/2017'),
    (67, 9, '01/02/2017'),
    (67, 9, '01/03/2017'),
    (67, 9, '01/04/2017'),
    (67, 9, '01/05/2017'),
    (67, 9, '01/06/2017'),
    
	(68, 9, '01/01/2017'),
    (68, 9, '01/02/2017'),
    (68, 9, '01/03/2017'),
    (68, 9, '01/04/2017'),
    (68, 9, '01/05/2017'),
    (68, 9, '01/06/2017'),
    
	(69, 9, '01/01/2017'),
    (69, 9, '01/02/2017'),
    (69, 9, '01/03/2017'),
    (69, 9, '01/04/2017'),
    (69, 9, '01/05/2017'),
    (69, 9, '01/06/2017'),
    
	(70, 9, '01/01/2017'),
    (70, 9, '01/02/2017'),
    (70, 9, '01/03/2017'),
    (70, 9, '01/04/2017'),
    (70, 9, '01/05/2017'),
    (70, 9, '01/06/2017'),
    
	(71, 9, '01/01/2017'),
    (71, 9, '01/02/2017'),
    (71, 9, '01/03/2017'),
    (71, 9, '01/04/2017'),
    (71, 9, '01/05/2017'),
    (71, 9, '01/06/2017'),
    
	(72, 11, '01/01/2017'),
    (72, 11, '01/02/2017'),
    (72, 11, '01/03/2017'),
    (72, 11, '01/04/2017'),
    (72, 11, '01/05/2017'),
    (72, 11, '01/06/2017'),
    
	(73, 11, '01/01/2017'),
    (73, 11, '01/02/2017'),
    (73, 11, '01/03/2017'),
    (73, 11, '01/04/2017'),
    (73, 11, '01/05/2017'),
    (73, 11, '01/06/2017'),
    
	(74, 11, '01/01/2017'),
    (74, 11, '01/02/2017'),
    (74, 11, '01/03/2017'),
    (74, 11, '01/04/2017'),
    (74, 11, '01/05/2017'),
    (74, 11, '01/06/2017'),
    
	(75, 11, '01/01/2017'),
    (75, 11, '01/02/2017'),
    (75, 11, '01/03/2017'),
    (75, 11, '01/04/2017'),
    (75, 11, '01/05/2017'),
    (75, 11, '01/06/2017'),
    
	(76, 11, '01/01/2017'),
    (76, 11, '01/02/2017'),
    (76, 11, '01/03/2017'),
    (76, 11, '01/04/2017'),
    (76, 11, '01/05/2017'),
    (76, 11, '01/06/2017'),
    
	(77, 11, '01/01/2017'),
    (77, 11, '01/02/2017'),
    (77, 11, '01/03/2017'),
    (77, 11, '01/04/2017'),
    (77, 11, '01/05/2017'),
    (77, 11, '01/06/2017'),
    
	(78, 11, '01/01/2017'),
    (78, 11, '01/02/2017'),
    (78, 11, '01/03/2017'),
    (78, 11, '01/04/2017'),
    (78, 11, '01/05/2017'),
    (78, 11, '01/06/2017'),
    
	(79, 11, '01/01/2017'),
    (79, 11, '01/02/2017'),
    (79, 11, '01/03/2017'),
    (79, 11, '01/04/2017'),
    (79, 11, '01/05/2017'),
    (79, 11, '01/06/2017'),
    
	(80, 12, '01/01/2017'),
    (80, 12, '01/02/2017'),
    (80, 12, '01/03/2017'),
    (80, 12, '01/04/2017'),
    (80, 12, '01/05/2017'),
    (80, 12, '01/06/2017'),
    
	(81, 12, '01/01/2017'),
    (81, 12, '01/02/2017'),
    (81, 12, '01/03/2017'),
    (81, 12, '01/04/2017'),
    (81, 12, '01/05/2017'),
    (81, 12, '01/06/2017'),
    
	(82, 12, '01/01/2017'),
    (82, 12, '01/02/2017'),
    (82, 12, '01/03/2017'),
    (82, 12, '01/04/2017'),
    (82, 12, '01/05/2017'),
    (82, 12, '01/06/2017'),
    
	(83, 12, '01/01/2017'),
    (83, 12, '01/02/2017'),
    (83, 12, '01/03/2017'),
    (83, 12, '01/04/2017'),
    (83, 12, '01/05/2017'),
    (83, 12, '01/06/2017'),
    
	(84, 12, '01/01/2017'),
    (84, 12, '01/02/2017'),
    (84, 12, '01/03/2017'),
    (84, 12, '01/04/2017'),
    (84, 12, '01/05/2017'),
    (84, 12, '01/06/2017'),
    
	(85, 12, '01/01/2017'),
    (85, 12, '01/02/2017'),
    (85, 12, '01/03/2017'),
    (85, 12, '01/04/2017'),
    (85, 12, '01/05/2017'),
    (85, 12, '01/06/2017'),
    
	(86, 12, '01/01/2017'),
    (86, 12, '01/02/2017'),
    (86, 12, '01/03/2017'),
    (86, 12, '01/04/2017'),
    (86, 12, '01/05/2017'),
    (86, 12, '01/06/2017'),
    
	(87, 13, '01/01/2017'),
    (87, 13, '01/02/2017'),
    (87, 13, '01/03/2017'),
    (87, 13, '01/04/2017'),
    (87, 13, '01/05/2017'),
    (87, 13, '01/06/2017'),
    
	(88, 13, '01/01/2017'),
    (88, 13, '01/02/2017'),
    (88, 13, '01/03/2017'),
    (88, 13, '01/04/2017'),
    (88, 13, '01/05/2017'),
    (88, 13, '01/06/2017'),
    
	(89, 13, '01/01/2017'),
    (89, 13, '01/02/2017'),
    (89, 13, '01/03/2017'),
    (89, 13, '01/04/2017'),
    (89, 13, '01/05/2017'),
    (89, 13, '01/06/2017'),
    
	(90, 13, '01/01/2017'),
    (90, 13, '01/02/2017'),
    (90, 13, '01/03/2017'),
    (90, 13, '01/04/2017'),
    (90, 13, '01/05/2017'),
    (90, 13, '01/06/2017'),
    
	(91, 13, '01/01/2017'),
    (91, 13, '01/02/2017'),
    (91, 13, '01/03/2017'),
    (91, 13, '01/04/2017'),
    (91, 13, '01/05/2017'),
    (91, 13, '01/06/2017'),
    
	(92, 13, '01/01/2017'),
    (92, 13, '01/02/2017'),
    (92, 13, '01/03/2017'),
    (92, 13, '01/04/2017'),
    (92, 13, '01/05/2017'),
    (92, 13, '01/06/2017'),
    
	(93, 13, '01/01/2017'),
    (93, 13, '01/02/2017'),
    (93, 13, '01/03/2017'),
    (93, 13, '01/04/2017'),
    (93, 13, '01/05/2017'),
    (93, 13, '01/06/2017'),
    
	(94, 14, '01/01/2017'),
    (94, 14, '01/02/2017'),
    (94, 14, '01/03/2017'),
    (94, 14, '01/04/2017'),
    (94, 14, '01/05/2017'),
    (94, 14, '01/06/2017'),
    
	(95, 14, '01/01/2017'),
    (95, 14, '01/02/2017'),
    (95, 14, '01/03/2017'),
    (95, 14, '01/04/2017'),
    (95, 14, '01/05/2017'),
    (95, 14, '01/06/2017'),
    
	(96, 14, '01/01/2017'),
    (96, 14, '01/02/2017'),
    (96, 14, '01/03/2017'),
    (96, 14, '01/04/2017'),
    (96, 14, '01/05/2017'),
    (96, 14, '01/06/2017'),
    
	(97, 14, '01/01/2017'),
    (97, 14, '01/02/2017'),
    (97, 14, '01/03/2017'),
    (97, 14, '01/04/2017'),
    (97, 14, '01/05/2017'),
    (97, 14, '01/06/2017'),
    
	(98, 14, '01/01/2017'),
    (98, 14, '01/02/2017'),
    (98, 14, '01/03/2017'),
    (98, 14, '01/04/2017'),
    (98, 14, '01/05/2017'),
    (98, 14, '01/06/2017'),
    
	(99, 14, '01/01/2017'),
    (99, 14, '01/02/2017'),
    (99, 14, '01/03/2017'),
    (99, 14, '01/04/2017'),
    (99, 14, '01/05/2017'),
    (99, 14, '01/06/2017'),
    
	(100, 14, '01/01/2017'),
    (100, 14, '01/02/2017'),
    (100, 14, '01/03/2017'),
    (100, 14, '01/04/2017'),
    (100, 14, '01/05/2017'),
    (100, 14, '01/06/2017'),
    
	(101, 15, '01/01/2017'),
    (101, 15, '01/02/2017'),
    (101, 15, '01/03/2017'),
    (101, 15, '01/04/2017'),
    (101, 15, '01/05/2017'),
    (101, 15, '01/06/2017'),
    
	(102, 15, '01/01/2017'),
    (102, 15, '01/02/2017'),
    (102, 15, '01/03/2017'),
    (102, 15, '01/04/2017'),
    (102, 15, '01/05/2017'),
    (102, 15, '01/06/2017'),
    
	(103, 15, '01/01/2017'),
    (103, 15, '01/02/2017'),
    (103, 15, '01/03/2017'),
    (103, 15, '01/04/2017'),
    (103, 15, '01/05/2017'),
    (103, 15, '01/06/2017'),
    
	(104, 15, '01/01/2017'),
    (104, 15, '01/02/2017'),
    (104, 15, '01/03/2017'),
    (104, 15, '01/04/2017'),
    (104, 15, '01/05/2017'),
    (104, 15, '01/06/2017'),
    
	(105, 15, '01/01/2017'),
    (105, 15, '01/02/2017'),
    (105, 15, '01/03/2017'),
    (105, 15, '01/04/2017'),
    (105, 15, '01/05/2017'),
    (105, 15, '01/06/2017'),
    
	(106, 15, '01/01/2017'),
    (106, 15, '01/02/2017'),
    (106, 15, '01/03/2017'),
    (106, 15, '01/04/2017'),
    (106, 15, '01/05/2017'),
    (106, 15, '01/06/2017'),
    
	(107, 15, '01/01/2017'),
    (107, 15, '01/02/2017'),
    (107, 15, '01/03/2017'),
    (107, 15, '01/04/2017'),
    (107, 15, '01/05/2017'),
    (107, 15, '01/06/2017'),
    
	(108, 16, '01/01/2017'),
    (108, 16, '01/02/2017'),
    (108, 16, '01/03/2017'),
    (108, 16, '01/04/2017'),
    (108, 16, '01/05/2017'),
    (108, 16, '01/06/2017'),
    
	(109, 16, '01/01/2017'),
    (109, 16, '01/02/2017'),
    (109, 16, '01/03/2017'),
    (109, 16, '01/04/2017'),
    (109, 16, '01/05/2017'),
    (109, 16, '01/06/2017'),
    
	(110, 16, '01/01/2017'),
    (110, 16, '01/02/2017'),
    (110, 16, '01/03/2017'),
    (110, 16, '01/04/2017'),
    (110, 16, '01/05/2017'),
    (110, 16, '01/06/2017'),
    
	(111, 16, '01/01/2017'),
    (111, 16, '01/02/2017'),
    (111, 16, '01/03/2017'),
    (111, 16, '01/04/2017'),
    (111, 16, '01/05/2017'),
    (111, 16, '01/06/2017'),
    
	(112, 16, '01/01/2017'),
    (112, 16, '01/02/2017'),
    (112, 16, '01/03/2017'),
    (112, 16, '01/04/2017'),
    (112, 16, '01/05/2017'),
    (112, 16, '01/06/2017'),
    
	(113, 16, '01/01/2017'),
    (113, 16, '01/02/2017'),
    (113, 16, '01/03/2017'),
    (113, 16, '01/04/2017'),
    (113, 16, '01/05/2017'),
    (113, 16, '01/06/2017'),
    
	(114, 16, '01/01/2017'),
    (114, 16, '01/02/2017'),
    (114, 16, '01/03/2017'),
    (114, 16, '01/04/2017'),
    (114, 16, '01/05/2017'),
    (114, 16, '01/06/2017'),
    
	(115, 17, '01/01/2017'),
    (115, 17, '01/02/2017'),
    (115, 17, '01/03/2017'),
    (115, 17, '01/04/2017'),
    (115, 17, '01/05/2017'),
    (115, 17, '01/06/2017'),
    
	(116, 17, '01/01/2017'),
    (116, 17, '01/02/2017'),
    (116, 17, '01/03/2017'),
    (116, 17, '01/04/2017'),
    (116, 17, '01/05/2017'),
    (116, 17, '01/06/2017'),
    
	(117, 17, '01/01/2017'),
    (117, 17, '01/02/2017'),
    (117, 17, '01/03/2017'),
    (117, 17, '01/04/2017'),
    (117, 17, '01/05/2017'),
    (117, 17, '01/06/2017'),
    
	(118, 17, '01/01/2017'),
    (118, 17, '01/02/2017'),
    (118, 17, '01/03/2017'),
    (118, 17, '01/04/2017'),
    (118, 17, '01/05/2017'),
    (118, 17, '01/06/2017'),
    
	(119, 17, '01/01/2017'),
    (119, 17, '01/02/2017'),
    (119, 17, '01/03/2017'),
    (119, 17, '01/04/2017'),
    (119, 17, '01/05/2017'),
    (119, 17, '01/06/2017'),
    
	(120, 17, '01/01/2017'),
    (120, 17, '01/02/2017'),
    (120, 17, '01/03/2017'),
    (120, 17, '01/04/2017'),
    (120, 17, '01/05/2017'),
    (120, 17, '01/06/2017'),
    
	(121, 17, '01/01/2017'),
    (121, 17, '01/02/2017'),
    (121, 17, '01/03/2017'),
    (121, 17, '01/04/2017'),
    (121, 17, '01/05/2017'),
    (121, 17, '01/06/2017'),
    
	(122, 18, '01/01/2017'),
    (122, 18, '01/02/2017'),
    (122, 18, '01/03/2017'),
    (122, 18, '01/04/2017'),
    (122, 18, '01/05/2017'),
    (122, 18, '01/06/2017'),
    
	(123, 18, '01/01/2017'),
    (123, 18, '01/02/2017'),
    (123, 18, '01/03/2017'),
    (123, 18, '01/04/2017'),
    (123, 18, '01/05/2017'),
    (123, 18, '01/06/2017'),
    
	(124, 18, '01/01/2017'),
    (124, 18, '01/02/2017'),
    (124, 18, '01/03/2017'),
    (124, 18, '01/04/2017'),
    (124, 18, '01/05/2017'),
    (124, 18, '01/06/2017'),
    
	(125, 18, '01/01/2017'),
    (125, 18, '01/02/2017'),
    (125, 18, '01/03/2017'),
    (125, 18, '01/04/2017'),
    (125, 18, '01/05/2017'),
    (125, 18, '01/06/2017'),
    
	(126, 18, '01/01/2017'),
    (126, 18, '01/02/2017'),
    (126, 18, '01/03/2017'),
    (126, 18, '01/04/2017'),
    (126, 18, '01/05/2017'),
    (126, 18, '01/06/2017'),
    
	(127, 18, '01/01/2017'),
    (127, 18, '01/02/2017'),
    (127, 18, '01/03/2017'),
    (127, 18, '01/04/2017'),
    (127, 18, '01/05/2017'),
    (127, 18, '01/06/2017'),
    
	(128, 18, '01/01/2017'),
    (128, 18, '01/02/2017'),
    (128, 18, '01/03/2017'),
    (128, 18, '01/04/2017'),
    (128, 18, '01/05/2017'),
    (128, 18, '01/06/2017'),
    
	(129, 19, '01/01/2017'),
    (129, 19, '01/02/2017'),
    (129, 19, '01/03/2017'),
    (129, 19, '01/04/2017'),
    (129, 19, '01/05/2017'),
    (129, 19, '01/06/2017'),
    
	(130, 19, '01/01/2017'),
    (130, 19, '01/02/2017'),
    (130, 19, '01/03/2017'),
    (130, 19, '01/04/2017'),
    (130, 19, '01/05/2017'),
    (130, 19, '01/06/2017'),
    
	(131, 19, '01/01/2017'),
    (131, 19, '01/02/2017'),
    (131, 19, '01/03/2017'),
    (131, 19, '01/04/2017'),
    (131, 19, '01/05/2017'),
    (131, 19, '01/06/2017'),
    
	(132, 19, '01/01/2017'),
    (132, 19, '01/02/2017'),
    (132, 19, '01/03/2017'),
    (132, 19, '01/04/2017'),
    (132, 19, '01/05/2017'),
    (132, 19, '01/06/2017'),
    
	(133, 19, '01/01/2017'),
    (133, 19, '01/02/2017'),
    (133, 19, '01/03/2017'),
    (133, 19, '01/04/2017'),
    (133, 19, '01/05/2017'),
    (133, 19, '01/06/2017'),
    
	(134, 19, '01/01/2017'),
    (134, 19, '01/02/2017'),
    (134, 19, '01/03/2017'),
    (134, 19, '01/04/2017'),
    (134, 19, '01/05/2017'),
    (134, 19, '01/06/2017'),
    
	(135, 19, '01/01/2017'),
    (135, 19, '01/02/2017'),
    (135, 19, '01/03/2017'),
    (135, 19, '01/04/2017'),
    (135, 19, '01/05/2017'),
    (135, 19, '01/06/2017'),
    
	(136, 20, '01/01/2017'),
    (136, 20, '01/02/2017'),
    (136, 20, '01/03/2017'),
    (136, 20, '01/04/2017'),
    (136, 20, '01/05/2017'),
    (136, 20, '01/06/2017'),
    
	(137, 20, '01/01/2017'),
    (137, 20, '01/02/2017'),
    (137, 20, '01/03/2017'),
    (137, 20, '01/04/2017'),
    (137, 20, '01/05/2017'),
    (137, 20, '01/06/2017'),
    
	(138, 20, '01/01/2017'),
    (138, 20, '01/02/2017'),
    (138, 20, '01/03/2017'),
    (138, 20, '01/04/2017'),
    (138, 20, '01/05/2017'),
    (138, 20, '01/06/2017'),
    
	(139, 20, '01/01/2017'),
    (139, 20, '01/02/2017'),
    (139, 20, '01/03/2017'),
    (139, 20, '01/04/2017'),
    (139, 20, '01/05/2017'),
    (139, 20, '01/06/2017'),
    
	(140, 20, '01/01/2017'),
    (140, 20, '01/02/2017'),
    (140, 20, '01/03/2017'),
    (140, 20, '01/04/2017'),
    (140, 20, '01/05/2017'),
    (140, 20, '01/06/2017'),
    
	(141, 20, '01/01/2017'),
    (141, 20, '01/02/2017'),
    (141, 20, '01/03/2017'),
    (141, 20, '01/04/2017'),
    (141, 20, '01/05/2017'),
    (141, 20, '01/06/2017'),
    
	(142, 20, '01/01/2017'),
    (142, 20, '01/02/2017'),
    (142, 20, '01/03/2017'),
    (142, 20, '01/04/2017'),
    (142, 20, '01/05/2017'),
    (142, 20, '01/06/2017');

INSERT INTO sys_academia.cliente(id, cpf, nome, id_academia, objetivo, mensalidade, data_prox_pag, telefone1, dat_nasc, rua, num_casa, cidade) VALUES 
	(01, 10032, 'Lucas Victor', 01, 'hipertrofia', 1800, '05/05/2017', 8775, '21/03/1994', 'Av. da Universidade', 321, 'Fortaleza'),
	(02, 21343, 'João Marcelo', 01, 'hipertrofia', 2000, '11/05/2017', 5453, '21/03/1988', 'Rua 7 de Setembro', 233, 'Fortaleza'),
	(03, 97478, 'Vaniele Freitas', 01, 'hipertrofia', 1500, '20/05/2017', 8743, '21/03/1989', 'Av. 13 de Maio', 1343, 'Fortaleza'),
	(04, 34879, 'Francisnei Lima', 01, 'hipertrofia', 1500, '19/05/2017', 6463, '21/03/1998', 'Av. 13 de Maio', 1433, 'Fortaleza'),
	(05, 30984, 'Franciscleito da Silva', 01, 'força', 1000, '15/05/2017', 8374, '21/03/1997', 'Rua Dom Manuel', 3432, 'Fortaleza'),
	(06, 34024, 'Anabiles de Oliveira', 01, 'força', 3400, '19/05/2017', 3543, '21/03/1997', 'Rua Padre Roma', 2343, 'Fortaleza'),
	(07, 32454, 'Maria José', 01, 'força', 1500, '20/05/2017', 43643, '21/03/1993', 'Rua João Pedro', 323, 'Fortaleza'),
	(08, 23033, 'José Maria', 01, 'força', 2000, '28/05/2017', 5634, '21/03/1995', 'Rua Padre Mororo', 342, 'Fortaleza'),
	(09, 35443, 'Jesseari', 01, 'potência', 3300, '05/05/2017', 0912, '21/03/1985', 'Rua Barão do Rio Branco', 543, 'Fortaleza'),
	(10, 54334, 'Arijesse', 01, 'potência', 3000, '10/05/2017', 9402, '21/03/1989', 'Rua João Vinei', 5432, 'Fortaleza'),
	(11, 34543, 'Iana Lima', 01, 'resistencia', 1300, '18/06/2017', 8743, '21/03/1990', 'Rua Dom Luiz', 5463, 'Fortaleza'),
	
	(12, 87364, 'Rosana Queiroz', 02, 'hipertrofia', 1600, '10/06/2017', 4533, '21/03/1997', 'Rua São Luiz', 564, 'Fortaleza'),
	(13, 35534, 'Hunglê Huinglid', 02, 'hipertrofia', 1500, '27/06/2017', 7545, '21/03/1992', 'Rua Guimarões', 456, 'Fortaleza'),
	(14, 43254, 'Ariane Gomes', 02, 'hipertrofia', 1500, '20/06/2017', 3224, '21/03/1993', 'Rua Padre Mororo', 4333, 'Fortaleza'),
	(15, 42533, 'Pelé Silva', 02, 'força', 3800, '20/06/2017', 7876, '21/03/1986', 'Av. Dom Manuel', 4632, 'Fortaleza'),
	(16, 53456, 'Iago Fortaleza', 02, 'força', 3400, '20/06/2017', 4534, '21/03/1985', 'Rua São Luiz', 8912, 'Fortaleza'),
	(17, 54325, 'Maria Penha', 02, 'força', 4000, '20/06/2017', 4256, '21/03/1987', 'Rua Silva Jardim', 7868, 'Fortaleza'),
	(18, 64454, 'Alzerina Rodrigues', 02, 'potência', 3000, '19/06/2017', 3425, '21/03/1990', 'Rua Princesa Lisboa', 4534, 'Fortaleza'),
	(19, 64334, 'Conseição Cunha', 02, 'potência', 2700, '17/06/2017', 3242, '21/03/1996', 'Av. da Universidade', 3453, 'Fortaleza'),
	
	(20, 65345, 'Poliana Carvalho', 03, 'hipertrofia', 3400, '16/06/2017', 3234, '21/03/1987', 'Rua Cateno Veloso', 321, 'Fortaleza'),
	(21, 6633, 'Hugo Teixeira', 03, 'força', 4500, '14/06/2017', 2343, '21/03/1988', 'Rua São Luiz', 321, 'Fortaleza'),
	(22, 15436, 'Alberto do Ó', 03, 'força', 4000, '13/06/2017', 3424, '21/03/1994', 'Rua Pernambuco', 321, 'Fortaleza'),
	(23, 16753, 'Guilherme da Hora', 03, 'potência', 3800, '12/06/2017', 3234, '21/03/1987', 'Rua Goias', 321, 'Fortaleza'),
	(24, 18756, 'Recebeliene Silva', 03, 'potência', 3500, '12/06/2017', 3253, '21/03/1990', 'Rua Pernambuco', 321, 'Fortaleza'),
	(25, 17654, 'Roliuda Silva', 03, 'resistencia', 5000, '10/06/2017', 4543, '21/03/1992', 'Rua São Paulo', 321, 'Fortaleza'),
	
	(26, 17453, 'Pablo Rock', 04, 'hipertrofia', 3400, '09/06/2017', 3523, '21/03/1993', 'Av. 13 de Maio', 321, 'Fortaleza'),
	(27, 4322, 'Socorro Felipe', 04, 'hipertrofia', 3500, '18/06/2017', 3233, '21/03/1994', 'av. Aguanabi', 321, 'Fortaleza'),
	(28, 43454, 'Felipe Lima', 04, 'hipertrofia', 5000, '22/06/2017', 4633, '21/03/1989', 'Rua Princesa Isabel', 3421, 'Fortaleza'),
	(29, 17432, 'Jocinaria Perreira', 04, 'hipertrofia', 3800, '21/06/2017', 9656, '21/03/1990', 'Av. Bezerra de Menezes', 321, 'Fortaleza'),

	(30, 53233, 'Jocilam Perreira', 06, 'hipertrofia', 3900, '20/06/2017', 8933, '21/03/1989', 'Rua Floriano Peixoto', 6321, 'Juazeiro do Sul'),
	(31, 15423, 'Rangel Silva', 06, 'hipertrofia', 3400, '19/06/2017', 3443, '21/03/1990', 'Rua Fleixeiras', 3422, 'Juazeiro do Sul'),
	(32, 15324, 'Antônio Adnoar', 06, 'força', 4000, '16/06/2017', 3532, '21/03/1992', 'Av. Central', 7643, 'Juazeiro do Sul'),
	(33, 63453, 'Lazaro Adnoar', 06, 'força', 3800, '10/06/2017', 3532, '21/03/1990', 'Rua Fenando Queiroz', 3523, 'Juazeiro do Sul'),
	
	(34, 63342, 'Liliane Ferreira', 07, 'hipertrofia', 3000, '17/06/2017', 3847, '21/03/1987', 'Rua Floriano Peixoto', 9695, 'Juazeiro do Sul'),
	(35, 16343, 'Thor Gomes', 07, 'força', 2800, '10/06/2017', 4365, '21/03/1990', 'Rua Dom Casmurro', 1264, 'Juazeiro do Sul'),
	(36, 55433, 'Tamirez Ramos', 07, 'potência', 3800, '09/06/2017', 3431, '21/03/1989', 'Av. Central', 4353, 'Juazeiro do Sul'),
	(37, 35325, 'Vitória Oliveira', 07, 'potência', 3000, '18/06/2017', 9323, '21/03/1997', 'Rua Vicente Linhares', 1134, 'Juazeiro do Sul'),
	(38, 63452, 'José Carlos', 07, 'resistencia', 5000, '10/06/2017', 3523, '21/03/1998', 'Rua Liceu Romano', 4533, 'Juazeiro do Sul'),
	
	(39, 16324, 'Eduardo Vieira', 08, 'resistencia', 5000, '15/06/2017', 3423, '21/03/1988', 'Rua Francisco Tavares', 4544, 'Juazeiro do Sul'),
	(40, 73452, 'Lorena Viera', 08, 'resistencia', 4000, '17/06/2017', 2533, '21/03/1989', 'Rua Senador Felipe', 4534, 'Juazeiro do Sul'),
	(41, 74345, 'Akland Bandeira', 08, 'resistencia', 3400, '10/06/2017', 3523, '21/03/1995', 'Rua Dom Guilherme', 45, 'Juazeiro do Sul'),
	
	(42, 64345, 'Damata Lima', 09, 'força', 3400, '09/06/2017', 4352, '21/03/1995', 'Rua Osacar Barbosa', 5453, 'Quixadá'),
	(43, 90829, 'Vanessa da Mata', 09, 'força', 4000, '23/06/2017', 3943, '21/03/1996', 'Rua Rui Maia', 3532, 'Quixadá'),
	(44, 59837, 'Uvetes Lima', 09, 'força', 2300, '18/06/2017', 4234, '21/03/1996', 'Rua Felipe Luiz', 4533, 'Quixadá'),
	(45, 24095, 'Toni Ramos', 09, 'potência', 4000, '20/06/2017', 5233, '21/03/1995', 'Rua Basilio Emiliano Pinto', 3243, 'Quixadá'),
	
	(46, 24348, 'Eduardo Queiroz', 11, 'potência', 3000, '19/06/2017', 3643, '21/03/1993', 'Rua Domigos Fernandes', 3411, 'São Paulo'),
	(47, 43890, 'Magnos Ferreira', 11, 'potência', 1900, '20/06/2017', 2531, '21/03/1990', 'Rua Queiroz Perreira', 3522, 'São Paulo'),
	(48, 24398, 'Roniele Silva', 11, 'potência', 3000, '26/06/2017', 3253, '21/03/1992', 'Rua Honduras', 9786, 'São Paulo'),
	(49, 54398, 'Alexandre Ramirez', 11, 'resistencia', 2500, '10/06/2017', 4522, '21/03/1990', 'Rua Cravinhos', 3212, 'São Paulo'),
	(50, 15357, 'Laureline Vieira', 11, 'resistencia', 2700, '09/06/2017', 7342, '21/03/1987', 'Rua Tiet', 0923, 'São Paulo'),
	
	(51, 25897, 'Monique Carvalho', 12, 'força', 3400, '06/06/2017', 5674, '21/03/1998', 'Av. Brasil', 564, 'São Paulo'),
	(52, 67467, 'Dominique Carvalho', 12, 'força', 3400, '27/06/2017', 6574, '21/03/1998', 'Rua Rui Tum', 3233, 'São Paulo'),
	(53, 42458, 'Michel Lima', 12, 'força', 2700, '21/06/2017', 6745, '21/03/1994', 'Rua Veneza', 453, 'São Paulo'),
	(54, 54839, 'Lucas Benjamim', 12, 'força', 2000, '20/06/2017', 5345, '21/03/1993', 'Av. Brasil', 3454, 'São Paulo'),
	
	(55, 34982, 'Ravina Queiroz', 13, 'potência', 2500, '17/06/2017', 5232, '21/03/1995', 'Rua Pernambuco', 5432, 'São Paulo'),
	(56, 45988, 'Lucas Viana', 13, 'resistencia', 3400, '11/06/2017', 4264, '21/03/1997', 'Rua Goias', 9784, 'São Paulo'),
	(57, 64534, 'Mateus Carvalho', 13, 'resistencia', 3000, '10/06/2017', 6423, '21/03/1993', 'Rua Feira de Santana', 543, 'São Paulo'),
	(58, 65355, 'Zambia Perreira', 13, 'resistencia', 2700, '15/06/2017', 3521, '21/03/1990', 'Rua São Luiz', 7567, 'São Paulo'),
	
	(59, 65382, 'Kaline Silva', 14, 'hipertrofia', 3200, '25/06/2017', 3253, '21/03/1990', 'Rua Tiradentes', 565, 'São Paulo'),
	(60, 74849, 'Karine Viana', 14, 'hipertrofia', 3000, '21/06/2017', 4354, '21/03/1990', 'Av. 7 de Setembro', 674, 'São Paulo'),
	(61, 15956, 'Junior Carvalho', 14, 'hipertrofia', 3840, '20/06/2017', 3255, '21/03/1992', 'Av. 13 de Maio', 4546, 'São Paulo'),
	(62, 28690, 'Kauã Silva', 14, 'força', 3400, '16/06/2017', 4353, '21/03/1992', 'Rua Gaviota', 6754, 'São Paulo'),
	
	(63, 19035, 'José Silva', 15, 'potência', 4500, '30/06/2017', 4533, '21/03/1990', 'Rua Amazonas', 5643, 'Patos'),
	(64, 98675, 'Maisa Rodrigues', 15, 'potência', 5000, '25/06/2017', 4532, '21/03/1993', 'Rua Pernambuco', 5443, 'Patos'),
	(65, 05565, 'Gabriela Feitosa', 15, 'potência', 3700, '11/06/2017', 4343, '21/03/1992', 'Rua Amazoas', 4343, 'Patos'),
	(66, 56029, 'Gabriel Cunha', 15, 'resistencia', 3400, '21/06/2017', 5232, '21/03/1991', 'Rua Lima Barreto', 5634, 'Patos'),
	
	(67, 94834, 'Tereza Eugenia', 16, 'força', 4000, '20/06/2017', 4334, '21/03/1994', 'Rua Cervejeira', 4564, 'Curitiba'),
	(68, 34222, 'Marco Teofilo', 16, 'força', 2500, '16/06/2017', 5432, '21/03/1993', 'Rua Veneza', 5674, 'Curitiba'),
	(69, 98625, 'Marcos Dantas', 16, 'resistencia', 3000, '05/06/2017', 4332, '21/03/1996', 'Rua Mendes Paes', 4522, 'Curitiba'),
	(70, 98732, 'Judite Ferreira', 16, 'resistencia', 4310, '09/06/2017', 4895, '21/03/1997', 'Rua Santa Cruz', 1742, 'Curitiba'),
	
	(71, 37682, 'Virna Alencar', 17, 'hipertrofia', 4500, '19/06/2017', 9043, '21/03/1988', 'Rua Jão Pineheiro', 6322, 'Curitiba'),
	(72, 28947, 'Ana Julia', 17, 'hipertrofia', 4500, '20/06/2017', 9854, '21/03/1989', 'Rua Santa Cruz', 436, 'Curitiba'),
	(73, 98275, 'Jeniffer Silva', 17, 'hipertrofia', 4500, '18/06/2017', 9841, '21/03/1990', 'Rua Mendes Paes', 432, 'Curitiba'),
	(74, 48246, 'Gerlan Nobre', 17, 'hipertrofia', 3000, '15/06/2017', 4523, '21/03/1992', 'Rua Santa Cecília', 5333, 'Curitiba'),
	
	(75, 73463, 'Siqueira Pinho', 18, 'hipertrofia', 2800, '11/07/2017', 3243, '21/03/1991', 'Rua Jamili Lima', 4353, 'Curitiba'),
	(76, 83794, 'Pc Siqueira', 18, 'força', 3500, '10/07/2017', 4354, '21/03/1991', 'Rua Dom Pedro I', 2321, 'Curitiba'),
	(77, 46324, 'Marcos Antônio', 18, 'potência', 3000, '23/07/2017', 5432, '21/03/1988', 'Rua Tajá', 9831, 'Curitiba'),
	(78, 64353, 'Francisco Savio', 18, 'resistencia', 1900, '23/07/2017', 4353, '21/03/1994', 'Rua Mendes Paes', 3243, 'Curitiba'),
	
	(79, 53256, 'Savio Silva', 19, 'força', 4600, '05/07/2017', 3423, '21/03/1993', 'Rua Senador Pompeu', 364, 'Curitiba'),
	(80, 49875, 'Ana Olinda', 19, 'força', 4500, '06/07/2017', 4434, '21/03/1995', 'Rua Senador Pompeu', 323, 'Curitiba'),
	(81, 58372, 'Jaqueline Rodrigues', 19, 'força', 3000, '06/07/2017', 4532, '21/03/1997', 'Rua São João', 2342, 'Curitiba'),
	
	(82, 47865, 'Rodrigo Rodrigues', 20, 'hipertrofia', 2700, '22/07/2017', 4252, '21/03/1998', 'Rua Lima Barreto', 543, 'Curitiba'),
	(83, 32445, 'Marina Silva', 20, 'força', 3200, '21/07/2017', 3446, '21/03/1998', 'Rua Dom Luiz', 7653, 'Curitiba'),
	(84, 42365, 'Italo Queiroz', 20, 'potência', 4531, '20/07/2017', 4532, '21/03/1997', 'Av. 7 de Setembro', 3465, 'Curitiba'),
	(85, 63454, 'Lula Gomes', 20, 'resistencia', 4500, '15/07/2017', 3324, '21/03/1997', 'Rua Santa Cruz', 6774, 'Curitiba');

INSERT INTO sys_academia.pagamento_cliente(id_cliente, id_academia, data_pag) VALUES
	(1, 1, '01/01/2017'),
	(1, 1, '01/02/2017'),
	(1, 1, '01/03/2017'),
	(1, 1, '01/04/2017'),
	(1, 1, '01/05/2017'),
	(1, 1, '01/06/2017'),
	(2, 1, '01/01/2017'),
	(2, 1, '01/02/2017'),
	(2, 1, '01/03/2017'),
	(2, 1, '01/04/2017'),
	(2, 1, '01/05/2017'),
	(2, 1, '01/06/2017'),
	(3, 1, '01/01/2017'),
	(3, 1, '01/02/2017'),
	(3, 1, '01/03/2017'),
	(3, 1, '01/04/2017'),
	(3, 1, '01/05/2017'),
	(3, 1, '01/06/2017'),
	(4, 1, '01/01/2017'),
	(4, 1, '01/02/2017'),
	(4, 1, '01/03/2017'),
	(4, 1, '01/04/2017'),
	(4, 1, '01/05/2017'),
	(4, 1, '01/06/2017'),
	(5, 1, '01/01/2017'),
	(5, 1, '01/02/2017'),
	(5, 1, '01/03/2017'),
	(5, 1, '01/04/2017'),
	(5, 1, '01/05/2017'),
	(5, 1, '01/06/2017'),
	(6, 1, '01/01/2017'),
	(6, 1, '01/02/2017'),
	(6, 1, '01/03/2017'),
	(6, 1, '01/04/2017'),
	(6, 1, '01/05/2017'),
	(6, 1, '01/06/2017'),
	(7, 1, '01/01/2017'),
	(7, 1, '01/02/2017'),
	(7, 1, '01/03/2017'),
	(7, 1, '01/04/2017'),
	(7, 1, '01/05/2017'),
	(7, 1, '01/06/2017'),
	(8, 1, '01/01/2017'),
	(8, 1, '01/02/2017'),
	(8, 1, '01/03/2017'),
	(8, 1, '01/04/2017'),
	(8, 1, '01/05/2017'),
	(8, 1, '01/06/2017'),
	(9, 1, '01/01/2017'),
	(9, 1, '01/02/2017'),
	(9, 1, '01/03/2017'),
	(9, 1, '01/04/2017'),
	(9, 1, '01/05/2017'),
	(9, 1, '01/06/2017'),
	(10, 1, '01/01/2017'),
	(10, 1, '01/02/2017'),
	(10, 1, '01/03/2017'),
	(10, 1, '01/04/2017'),
	(10, 1, '01/05/2017'),
	(10, 1, '01/06/2017'),
	(11, 1, '01/01/2017'),
	(11, 1, '01/02/2017'),
	(11, 1, '01/03/2017'),
	(11, 1, '01/04/2017'),
	(11, 1, '01/05/2017'),
	(11, 1, '01/06/2017'),
	(12, 2, '01/01/2017'),
	(12, 2, '01/02/2017'),
	(12, 2, '01/03/2017'),
	(12, 2, '01/04/2017'),
	(12, 2, '01/05/2017'),
	(12, 2, '01/06/2017'),
	(13, 2, '01/01/2017'),
	(13, 2, '01/02/2017'),
	(13, 2, '01/03/2017'),
	(13, 2, '01/04/2017'),
	(13, 2, '01/05/2017'),
	(13, 2, '01/06/2017'),
	(14, 2, '01/01/2017'),
	(14, 2, '01/02/2017'),
	(14, 2, '01/03/2017'),
	(14, 2, '01/04/2017'),
	(14, 2, '01/05/2017'),
	(14, 2, '01/06/2017'),
	(15, 2, '01/01/2017'),
	(15, 2, '01/02/2017'),
	(15, 2, '01/03/2017'),
	(15, 2, '01/04/2017'),
	(15, 2, '01/05/2017'),
	(15, 2, '01/06/2017'),
	(16, 2, '01/01/2017'),
	(16, 2, '01/02/2017'),
	(16, 2, '01/03/2017'),
	(16, 2, '01/04/2017'),
	(16, 2, '01/05/2017'),
	(16, 2, '01/06/2017'),
	(17, 2, '01/01/2017'),
	(17, 2, '01/02/2017'),
	(17, 2, '01/03/2017'),
	(17, 2, '01/04/2017'),
	(17, 2, '01/05/2017'),
	(17, 2, '01/06/2017'),
	(18, 2, '01/01/2017'),
	(18, 2, '01/02/2017'),
	(18, 2, '01/03/2017'),
	(18, 2, '01/04/2017'),
	(18, 2, '01/05/2017'),
	(18, 2, '01/06/2017'),
	(19, 2, '01/01/2017'),
	(19, 2, '01/02/2017'),
	(19, 2, '01/03/2017'),
	(19, 2, '01/04/2017'),
	(19, 2, '01/05/2017'),
	(19, 2, '01/06/2017'),
	(20, 3, '01/01/2017'),
	(20, 3, '01/02/2017'),
	(20, 3, '01/03/2017'),
	(20, 3, '01/04/2017'),
	(20, 3, '01/05/2017'),
	(20, 3, '01/06/2017'),
	(21, 3, '01/01/2017'),
	(21, 3, '01/02/2017'),
	(21, 3, '01/03/2017'),
	(21, 3, '01/04/2017'),
	(21, 3, '01/05/2017'),
	(21, 3, '01/06/2017'),
	(22, 3, '01/01/2017'),
	(22, 3, '01/02/2017'),
	(22, 3, '01/03/2017'),
	(22, 3, '01/04/2017'),
	(22, 3, '01/05/2017'),
	(22, 3, '01/06/2017'),
	(23, 3, '01/01/2017'),
	(23, 3, '01/02/2017'),
	(23, 3, '01/03/2017'),
	(23, 3, '01/04/2017'),
	(23, 3, '01/05/2017'),
	(23, 3, '01/06/2017'),
	(24, 3, '01/01/2017'),
	(24, 3, '01/02/2017'),
	(24, 3, '01/03/2017'),
	(24, 3, '01/04/2017'),
	(24, 3, '01/05/2017'),
	(24, 3, '01/06/2017'),
	(25, 3, '01/01/2017'),
	(25, 3, '01/02/2017'),
	(25, 3, '01/03/2017'),
	(25, 3, '01/04/2017'),
	(25, 3, '01/05/2017'),
	(25, 3, '01/06/2017'),
	(26, 4, '01/01/2017'),
	(26, 4, '01/02/2017'),
	(26, 4, '01/03/2017'),
	(26, 4, '01/04/2017'),
	(26, 4, '01/05/2017'),
	(26, 4, '01/06/2017'),
	(27, 4, '01/01/2017'),
	(27, 4, '01/02/2017'),
	(27, 4, '01/03/2017'),
	(27, 4, '01/04/2017'),
	(27, 4, '01/05/2017'),
	(27, 4, '01/06/2017'),
	(28, 4, '01/01/2017'),
	(28, 4, '01/02/2017'),
	(28, 4, '01/03/2017'),
	(28, 4, '01/04/2017'),
	(28, 4, '01/05/2017'),
	(28, 4, '01/06/2017'),
	(29, 4, '01/01/2017'),
	(29, 4, '01/02/2017'),
	(29, 4, '01/03/2017'),
	(29, 4, '01/04/2017'),
	(29, 4, '01/05/2017'),
	(29, 4, '01/06/2017'),
	(30, 6, '01/01/2017'),
	(30, 6, '01/02/2017'),
	(30, 6, '01/03/2017'),
	(30, 6, '01/04/2017'),
	(30, 6, '01/05/2017'),
	(30, 6, '01/06/2017'),
	(31, 6, '01/01/2017'),
	(31, 6, '01/02/2017'),
	(31, 6, '01/03/2017'),
	(31, 6, '01/04/2017'),
	(31, 6, '01/05/2017'),
	(31, 6, '01/06/2017'),
	(32, 6, '01/01/2017'),
	(32, 6, '01/02/2017'),
	(32, 6, '01/03/2017'),
	(32, 6, '01/04/2017'),
	(32, 6, '01/05/2017'),
	(32, 6, '01/06/2017'),
	(33, 6, '01/01/2017'),
	(33, 6, '01/02/2017'),
	(33, 6, '01/03/2017'),
	(33, 6, '01/04/2017'),
	(33, 6, '01/05/2017'),
	(33, 6, '01/06/2017'),
	(34, 7, '01/01/2017'),
	(34, 7, '01/02/2017'),
	(34, 7, '01/03/2017'),
	(34, 7, '01/04/2017'),
	(34, 7, '01/05/2017'),
	(34, 7, '01/06/2017'),
	(35, 7, '01/01/2017'),
	(35, 7, '01/02/2017'),
	(35, 7, '01/03/2017'),
	(35, 7, '01/04/2017'),
	(35, 7, '01/05/2017'),
	(35, 7, '01/06/2017'),
	(36, 7, '01/01/2017'),
	(36, 7, '01/02/2017'),
	(36, 7, '01/03/2017'),
	(36, 7, '01/04/2017'),
	(36, 7, '01/05/2017'),
	(36, 7, '01/06/2017'),
	(37, 7, '01/01/2017'),
	(37, 7, '01/02/2017'),
	(37, 7, '01/03/2017'),
	(37, 7, '01/04/2017'),
	(37, 7, '01/05/2017'),
	(37, 7, '01/06/2017'),
	(38, 7, '01/01/2017'),
	(38, 7, '01/02/2017'),
	(38, 7, '01/03/2017'),
	(38, 7, '01/04/2017'),
	(38, 7, '01/05/2017'),
	(38, 7, '01/06/2017'),
	(39, 8, '01/01/2017'),
	(39, 8, '01/02/2017'),
	(39, 8, '01/03/2017'),
	(39, 8, '01/04/2017'),
	(39, 8, '01/05/2017'),
	(39, 8, '01/06/2017'),
	(40, 8, '01/01/2017'),
	(40, 8, '01/02/2017'),
	(40, 8, '01/03/2017'),
	(40, 8, '01/04/2017'),
	(40, 8, '01/05/2017'),
	(40, 8, '01/06/2017'),
	(41, 8, '01/01/2017'),
	(41, 8, '01/02/2017'),
	(41, 8, '01/03/2017'),
	(41, 8, '01/04/2017'),
	(41, 8, '01/05/2017'),
	(41, 8, '01/06/2017'),
	(42, 9, '01/01/2017'),
	(42, 9, '01/02/2017'),
	(42, 9, '01/03/2017'),
	(42, 9, '01/04/2017'),
	(42, 9, '01/05/2017'),
	(42, 9, '01/06/2017'),
	(43, 9, '01/01/2017'),
	(43, 9, '01/02/2017'),
	(43, 9, '01/03/2017'),
	(43, 9, '01/04/2017'),
	(43, 9, '01/05/2017'),
	(43, 9, '01/06/2017'),
	(44, 9, '01/01/2017'),
	(44, 9, '01/02/2017'),
	(44, 9, '01/03/2017'),
	(44, 9, '01/04/2017'),
	(44, 9, '01/05/2017'),
	(44, 9, '01/06/2017'),
	(45, 9, '01/01/2017'),
	(45, 9, '01/02/2017'),
	(45, 9, '01/03/2017'),
	(45, 9, '01/04/2017'),
	(45, 9, '01/05/2017'),
	(45, 9, '01/06/2017'),
	(46, 11, '01/01/2017'),
	(46, 11, '01/02/2017'),
	(46, 11, '01/03/2017'),
	(46, 11, '01/04/2017'),
	(46, 11, '01/05/2017'),
	(46, 11, '01/06/2017'),
	(47, 11, '01/01/2017'),
	(47, 11, '01/02/2017'),
	(47, 11, '01/03/2017'),
	(47, 11, '01/04/2017'),
	(47, 11, '01/05/2017'),
	(47, 11, '01/06/2017'),
	(48, 11, '01/01/2017'),
	(48, 11, '01/02/2017'),
	(48, 11, '01/03/2017'),
	(48, 11, '01/04/2017'),
	(48, 11, '01/05/2017'),
	(48, 11, '01/06/2017'),
	(49, 11, '01/01/2017'),
	(49, 11, '01/02/2017'),
	(49, 11, '01/03/2017'),
	(49, 11, '01/04/2017'),
	(49, 11, '01/05/2017'),
	(49, 11, '01/06/2017'),
	(50, 11, '01/01/2017'),
	(50, 11, '01/02/2017'),
	(50, 11, '01/03/2017'),
	(50, 11, '01/04/2017'),
	(50, 11, '01/05/2017'),
	(50, 11, '01/06/2017'),
	(51, 12, '01/01/2017'),
	(51, 12, '01/02/2017'),
	(51, 12, '01/03/2017'),
	(51, 12, '01/04/2017'),
	(51, 12, '01/05/2017'),
	(51, 12, '01/06/2017'),
	(52, 12, '01/01/2017'),
	(52, 12, '01/02/2017'),
	(52, 12, '01/03/2017'),
	(52, 12, '01/04/2017'),
	(52, 12, '01/05/2017'),
	(52, 12, '01/06/2017'),
	(53, 12, '01/01/2017'),
	(53, 12, '01/02/2017'),
	(53, 12, '01/03/2017'),
	(53, 12, '01/04/2017'),
	(53, 12, '01/05/2017'),
	(53, 12, '01/06/2017'),
	(54, 12, '01/01/2017'),
	(54, 12, '01/02/2017'),
	(54, 12, '01/03/2017'),
	(54, 12, '01/04/2017'),
	(54, 12, '01/05/2017'),
	(54, 12, '01/06/2017'),
	(55, 13, '01/01/2017'),
	(55, 13, '01/02/2017'),
	(55, 13, '01/03/2017'),
	(55, 13, '01/04/2017'),
	(55, 13, '01/05/2017'),
	(55, 13, '01/06/2017'),
	(56, 13, '01/01/2017'),
	(56, 13, '01/02/2017'),
	(56, 13, '01/03/2017'),
	(56, 13, '01/04/2017'),
	(56, 13, '01/05/2017'),
	(56, 13, '01/06/2017'),
	(57, 13, '01/01/2017'),
	(57, 13, '01/02/2017'),
	(57, 13, '01/03/2017'),
	(57, 13, '01/04/2017'),
	(57, 13, '01/05/2017'),
	(57, 13, '01/06/2017'),
	(58, 13, '01/01/2017'),
	(58, 13, '01/02/2017'),
	(58, 13, '01/03/2017'),
	(58, 13, '01/04/2017'),
	(58, 13, '01/05/2017'),
	(58, 13, '01/06/2017'),
	(59, 14, '01/01/2017'),
	(59, 14, '01/02/2017'),
	(59, 14, '01/03/2017'),
	(59, 14, '01/04/2017'),
	(59, 14, '01/05/2017'),
	(59, 14, '01/06/2017'),
	(60, 14, '01/01/2017'),
	(60, 14, '01/02/2017'),
	(60, 14, '01/03/2017'),
	(60, 14, '01/04/2017'),
	(60, 14, '01/05/2017'),
	(60, 14, '01/06/2017'),
	(61, 14, '01/01/2017'),
	(61, 14, '01/02/2017'),
	(61, 14, '01/03/2017'),
	(61, 14, '01/04/2017'),
	(61, 14, '01/05/2017'),
	(61, 14, '01/06/2017'),
	(62, 14, '01/01/2017'),
	(62, 14, '01/02/2017'),
	(62, 14, '01/03/2017'),
	(62, 14, '01/04/2017'),
	(62, 14, '01/05/2017'),
	(62, 14, '01/06/2017'),
	(63, 15, '01/01/2017'),
	(63, 15, '01/02/2017'),
	(63, 15, '01/03/2017'),
	(63, 15, '01/04/2017'),
	(63, 15, '01/05/2017'),
	(63, 15, '01/06/2017'),
	(64, 15, '01/01/2017'),
	(64, 15, '01/02/2017'),
	(64, 15, '01/03/2017'),
	(64, 15, '01/04/2017'),
	(64, 15, '01/05/2017'),
	(64, 15, '01/06/2017'),
	(65, 15, '01/01/2017'),
	(65, 15, '01/02/2017'),
	(65, 15, '01/03/2017'),
	(65, 15, '01/04/2017'),
	(65, 15, '01/05/2017'),
	(65, 15, '01/06/2017'),
	(66, 15, '01/01/2017'),
	(66, 15, '01/02/2017'),
	(66, 15, '01/03/2017'),
	(66, 15, '01/04/2017'),
	(66, 15, '01/05/2017'),
	(66, 15, '01/06/2017'),
	(67, 16, '01/01/2017'),
	(67, 16, '01/02/2017'),
	(67, 16, '01/03/2017'),
	(67, 16, '01/04/2017'),
	(67, 16, '01/05/2017'),
	(67, 16, '01/06/2017'),
	(68, 16, '01/01/2017'),
	(68, 16, '01/02/2017'),
	(68, 16, '01/03/2017'),
	(68, 16, '01/04/2017'),
	(68, 16, '01/05/2017'),
	(68, 16, '01/06/2017'),
	(69, 16, '01/01/2017'),
	(69, 16, '01/02/2017'),
	(69, 16, '01/03/2017'),
	(69, 16, '01/04/2017'),
	(69, 16, '01/05/2017'),
	(69, 16, '01/06/2017'),
	(70, 16, '01/01/2017'),
	(70, 16, '01/02/2017'),
	(70, 16, '01/03/2017'),
	(70, 16, '01/04/2017'),
	(70, 16, '01/05/2017'),
	(70, 16, '01/06/2017'),
	(71, 17, '01/01/2017'),
	(71, 17, '01/02/2017'),
	(71, 17, '01/03/2017'),
	(71, 17, '01/04/2017'),
	(71, 17, '01/05/2017'),
	(71, 17, '01/06/2017'),
	(72, 17, '01/01/2017'),
	(72, 17, '01/02/2017'),
	(72, 17, '01/03/2017'),
	(72, 17, '01/04/2017'),
	(72, 17, '01/05/2017'),
	(72, 17, '01/06/2017'),
	(73, 17, '01/01/2017'),
	(73, 17, '01/02/2017'),
	(73, 17, '01/03/2017'),
	(73, 17, '01/04/2017'),
	(73, 17, '01/05/2017'),
	(73, 17, '01/06/2017'),
	(74, 17, '01/01/2017'),
	(74, 17, '01/02/2017'),
	(74, 17, '01/03/2017'),
	(74, 17, '01/04/2017'),
	(74, 17, '01/05/2017'),
	(74, 17, '01/06/2017'),
	(75, 18, '01/01/2017'),
	(75, 18, '01/02/2017'),
	(75, 18, '01/03/2017'),
	(75, 18, '01/04/2017'),
	(75, 18, '01/05/2017'),
	(75, 18, '01/06/2017'),
	(76, 18, '01/01/2017'),
	(76, 18, '01/02/2017'),
	(76, 18, '01/03/2017'),
	(76, 18, '01/04/2017'),
	(76, 18, '01/05/2017'),
	(76, 18, '01/06/2017'),
	(77, 18, '01/01/2017'),
	(77, 18, '01/02/2017'),
	(77, 18, '01/03/2017'),
	(77, 18, '01/04/2017'),
	(77, 18, '01/05/2017'),
	(77, 18, '01/06/2017'),
	(78, 18, '01/01/2017'),
	(78, 18, '01/02/2017'),
	(78, 18, '01/03/2017'),
	(78, 18, '01/04/2017'),
	(78, 18, '01/05/2017'),
	(78, 18, '01/06/2017'),
	(79, 19, '01/01/2017'),
	(79, 19, '01/02/2017'),
	(79, 19, '01/03/2017'),
	(79, 19, '01/04/2017'),
	(79, 19, '01/05/2017'),
	(79, 19, '01/06/2017'),
	(80, 19, '01/01/2017'),
	(80, 19, '01/02/2017'),
	(80, 19, '01/03/2017'),
	(80, 19, '01/04/2017'),
	(80, 19, '01/05/2017'),
	(80, 19, '01/06/2017'),
	(81, 19, '01/01/2017'),
	(81, 19, '01/02/2017'),
	(81, 19, '01/03/2017'),
	(81, 19, '01/04/2017'),
	(81, 19, '01/05/2017'),
	(81, 19, '01/06/2017'),
	(82, 20, '01/01/2017'),
	(82, 20, '01/02/2017'),
	(82, 20, '01/03/2017'),
	(82, 20, '01/04/2017'),
	(82, 20, '01/05/2017'),
	(82, 20, '01/06/2017'),
	(83, 20, '01/01/2017'),
	(83, 20, '01/02/2017'),
	(83, 20, '01/03/2017'),
	(83, 20, '01/04/2017'),
	(83, 20, '01/05/2017'),
	(83, 20, '01/06/2017'),
	(84, 20, '01/01/2017'),
	(84, 20, '01/02/2017'),
	(84, 20, '01/03/2017'),
	(84, 20, '01/04/2017'),
	(84, 20, '01/05/2017'),
	(84, 20, '01/06/2017');	
	
INSERT INTO Sys_academia.avaliacao_fisica(id, id_cliente, id_funcionario, data_feito, data_retorno, altura, massa, massa_magra, massa_gorda, observacao) VALUES
	(01, 01, 6, '11/05/2017', '11/08/2017', 175, 78, 60, 18, 'Pegar carga pesada'),
	(02, 02, 7, '11/06/2017', '11/09/2017', 155, 58, 30, 28, 'Fazer Aerobico'),
	(03, 03, 7, '05/07/2017', '05/10/2017', 178, 80, 57, 23, 'Fazer Aerobico'),
	(04, 04, 7, '12/06/2017', '12/09/2017', 180, 92, 70, 12, 'Manera na intensidade'),
	(05, 05, 7, '12/09/2017', '12/12/2017', 176, 76, 60, 16, 'Pegar carga pesada'),
	(06, 06, 7, '16/12/2017', '16/03/2018', 168, 68, 40, 28, 'Fazer Aerobico e manerar na intensidade'),
	(07, 07, 7, '17/11/2017', '17/02/2018', 170, 89, 70, 19, 'Fazer Aerobico'),
	(08, 08, 6, '19/12/2017', '19/03/2018', 178, 120, 70, 50, 'Fazer mais Aerobico'),
	(09, 09, 6, '11/10/2017', '11/01/2018', 168, 65, 40, 15, 'Pegar carga pesada'),
	(10, 10, 6, '18/06/2017', '18/09/2017', 170, 76, 56, 30, 'Fazer Aerobico e intensidade máxima'),
	(11, 11, 6, '19/06/2017', '19/09/2017', 172, 75, 68, 7, 'Nada de Aerobico e Insidade Media'),
	(12, 12, 17, '18/07/2017', '18/10/2017', 179, 80, 60, 20, 'Insidade Maxima'),
	(13, 13, 17, '17/07/2017', '17/10/2017', 169, 68, 50, 18, 'Pegar carga pesada'),
	(14, 14, 17, '16/07/2017', '16/10/2017', 160, 70, 55, 15, 'Manerar na intensidade'),
	(15, 15, 17, '16/07/2017', '16/10/2017', 176, 80, 68, 12, 'Intensidade moderada'),
	(16, 16, 17, '22/08/2017', '22/11/2017', 190, 82, 60, 22, 'Fazer Aerobico'),
	(17, 17, 17, '21/08/2017', '21/11/2017', 177, 78, 58, 20, 'Insidade máxima'),
	(18, 18, 17, '20/08/2017', '20/11/2017', 175, 76, 62, 14, 'Pegar carga maxima'),
	(19, 19, 17, '25/08/2017', '25/11/2017', 173, 70, 60, 10, 'Manera na insidade'),
	(20, 20, 25, '24/09/2017', '24/12/2017', 169, 65, 45, 20, 'Fazer mais aerobico');

INSERT INTO Sys_academia.planilha_treino(id, id_funcionario, id_avaliacao, data_feito, intensidade) VALUES
	(01, 01, 01, '12/05/2017', 'alta'),
	(02, 02, 02, '12/06/2017', 'baixa'),
	(03, 03, 03, '06/07/2017', 'baixa'),
	(04, 04, 04, '13/06/2017', 'media'),
	(05, 05, 05, '13/09/2017', 'alta'),
	(06, 01, 06, '17/12/2017', 'media'),
	(07, 02, 07, '18/11/2017', 'baixa'),
	(08, 03, 08, '20/12/2017', 'baixa'),
	(09, 04, 09, '12/10/2017', 'alta'),
	(10, 05, 10, '19/06/2017', 'alta'),
	(11, 01, 11, '20/06/2017', 'alta'),
	(12, 13, 12, '19/07/2017', 'alta'),
	(13, 14, 13, '18/08/2017', 'alta'),
	(14, 15, 14, '17/08/2017', 'media'),
	(15, 16, 15, '17/08/2017', 'media'),
	(16, 13, 16, '23/08/2017', 'baixa'),
	(17, 14, 17, '22/08/2017', 'alta'),
	(18, 15, 18, '21/08/2017', 'alta'),
	(19, 16, 19, '26/08/2017', 'media'),
	(20, 13, 20, '25/09/2017', 'baixa');

INSERT INTO Sys_academia.info_treino(id, id_treino, id_maquina, id_academia, serie, repeticoes, observacao) VALUES
	(01, 01, 01, 01, 3, 10, ''),
	(02, 01, 02, 01, 3, 10, ''),
	(03, 01, 03, 01, 3, 10, ''),
	(04, 01, 04, 01, 3, 10, ''),
	(05, 01, 05, 01, 3, 10, ''),
	(06, 01, 06, 01, 3, 10, ''),
	(07, 01, 07, 01, 3, 10, ''),
	(08, 01, 08, 01, 3, 10, ''),
	(09, 01, 09, 01, 3, 10, ''),
	(10, 01, 10, 01, 3, 10, 'pegada maior que o ombro'),
	(11, 01, 17, 01, 3, 10, ''),
	(12, 01, 18, 01, 3, 10, ''),
	(13, 01, 19, 01, 3, 10, ''),
	(14, 01, 20, 01, 3, 10, ''),
	(15, 01, 21, 01, 3, 10, ''),
	(16, 01, 32, 01, 3, 10, ''),
	(17, 01, 33, 01, 3, 10, ''),
	(18, 01, 34, 01, 3, 10, ''),
	(19, 01, 36, 01, 3, 10, ''),
	(20, 01, 40, 01, 1, 50, '');

INSERT INTO sys_academia.realiza_treino(id_cliente, id_treino) VALUES
	(1, 1),
	(2, 2),
	(3, 3),
	(4, 4),
	(5, 5),
	(6, 6),
	(7, 7),
	(8, 8),
	(9, 9),
	(10, 10),
	(11, 11),
	(12, 12),
	(13, 13),
	(14, 14),
	(15, 15),
	(16, 16),
	(17, 17),
	(18, 18),
	(19, 19),
	(20, 20);


-- CONSULTAS NO BANCO DE DADOS
-- 1) Para cada mês mostrar quanto cada academia gastou no total.

	CREATE OR REPLACE VIEW gasto_salario AS
	SELECT id_academia, SUM(salario) AS totalPag, EXTRACT (MONTH FROM data_pag) AS mes, EXTRACT (YEAR FROM data_pag) AS ano
	FROM sys_academia.pagamento_funcionario NATURAL JOIN 
	     sys_academia.funcionario AS F (id_funcionario)
	GROUP BY id_academia, EXTRACT (MONTH FROM data_pag), EXTRACT (YEAR FROM data_pag);

	CREATE OR REPLACE VIEW gasto_manutencao AS
	SELECT id_academia, SUM(valor) AS totalManu, EXTRACT (MONTH FROM data_manutencao) AS mes, EXTRACT (YEAR FROM data_manutencao) AS ano
	FROM sys_academia.manutencao
	GROUP BY id_academia, EXTRACT (MONTH FROM data_manutencao), EXTRACT (YEAR FROM data_manutencao);

	
	CREATE OR REPLACE VIEW gasto_total_p_mes AS
	SELECT COALESCE(GS.id_academia, GM.id_academia) AS id_academia,
	       SUM(COALESCE(GS.totalPag, 0) + COALESCE(GM.totalManu, 0)) AS total_gasto, 
	       COALESCE(GS.mes, GM.mes) AS mes, 
	       COALESCE(GS.ano, GM.ano) AS ano
	FROM gasto_salario AS GS FULL JOIN
	     gasto_manutencao AS GM ON GS.id_academia = GM.id_academia AND GS.mes = GM.mes
	GROUP BY GS.id_academia, GM.id_academia, GS.mes, GM.mes, GS.ano, GM.ano
	ORDER BY id_academia, mes;


	SELECT *
	FROM gasto_total_p_mes;
		

-- 2) Para cada mês mostrar quanto cada academia ganhou.

	CREATE OR REPLACE VIEW ganho_p_mes AS
	SELECT id_academia, EXTRACT (MONTH FROM data_pag) AS mes, EXTRACT (YEAR FROM data_pag) AS ano, SUM(mensalidade) AS totalRec
	FROM sys_academia.pagamento_cliente NATURAL JOIN 
	     sys_academia.cliente AS C (id_cliente)
	GROUP BY id_academia, EXTRACT (MONTH FROM data_pag), EXTRACT (YEAR FROM data_pag)
	ORDER BY id_academia, mes, ano;


-- 3) Quais academias tem uma maior margem de lucro no mes 05 de 2018? (total que ganha - total que gasta)

	CREATE OR REPLACE VIEW margem_lucro AS
	SELECT COALESCE(GAN.id_academia, GAS.id_academia) AS id_academia, 
	       COALESCE(GAN.mes, GAS.mes) AS mes, 
	       COALESCE(GAN.ano, GAS.ano) AS ano,
	       (COALESCE(totalRec, 0) - COALESCE(total_gasto, 0)) AS margem
	FROM ganho_p_mes AS GAN FULL JOIN 
	     gasto_total_p_mes AS GAS ON 
	     GAN.id_academia = GAS.id_academia AND GAN.mes = GAS.mes AND GAN.ano = GAS.ano
	ORDER BY id_academia, ano, mes;


	SELECT id_academia, margem
	FROM margem_lucro
	WHERE mes = 5 AND ano = 2018 AND margem = (SELECT MAX(margem)
						   						FROM margem_lucro);

	
-- 4) Mostre o nome dos funcionarios que sao os mais frequentes a trabalhar e qual academia eles trabalham

	SELECT DISTINCT nome, id_academia
	FROM sys_academia.funcionario AS F, sys_academia.ponto AS P
	WHERE F.id = P.id_funcionario AND (SELECT COUNT(*)
					   FROM sys_academia.ponto AS P1
					   WHERE P1.id_funcionario = F.id) >= ALL (SELECT COUNT(*)
										   FROM sys_academia.ponto AS P2
										   WHERE P2.id_funcionario <> F.id);
	
-- 5) Quais manutenções foram feitas no mes 4 de 2017?
	SELECT DISTINCT descricao
	FROM sys_academia.manutencao
	WHERE EXTRACT (MONTH FROM data_manutencao) = 4 AND EXTRACT (YEAR FROM data_manutencao) = 2017;


-- 6) Quais avaliaçoes fisicas não foi planejado o treino
	SELECT AV.id AS id_ava_fisica
	FROM sys_academia.avaliacao_fisica AS AV FULL JOIN sys_academia.planilha_treino AS T (id_plan_treino) ON AV.id = T.id_avaliacao
	WHERE id_plan_treino IS NULL;


-- 7) Para usuário 1 mostrar as informacoes dos treinos feito para ele
	SELECT id_cliente, id_maquina, serie, repeticoes, I.observacao
	FROM sys_academia.planilha_treino AS PT (id_treino) NATURAL JOIN
	     sys_academia.info_treino AS I JOIN
		 sys_academia.avaliacao_fisica AS AV ON PT.id_avaliacao = AV.id 
	WHERE id_cliente = 1;


-- 8) Para cada academia mostrar quantos clientes tem
	SELECT id_academia, COUNT(id) AS qnt_clientes
	FROM sys_academia.cliente
	GROUP BY id_academia;


